<?xml version="1.0" encoding="UTF-8"?>
<include>
	<bubbles>
		<data type="13" row="34" col="8" cloud="0" path="" />
		<data type="13" row="22" col="2" cloud="0" path="" />
		<data type="13" row="4" col="5" cloud="0" path="" />
		<data type="19" row="8" col="7" cloud="0" path="" />
		<data type="19" row="23" col="4" cloud="8" path="" />
		<data type="19" row="33" col="2" cloud="0" path="" />
		<data type="26" row="5" col="3" cloud="0" path="" />
		<data type="19" row="2" col="4" cloud="0" path="" />
		<data type="19" row="34" col="3" cloud="0" path="" />
		<data type="29" row="37" col="2" cloud="0" path="" />
		<data type="19" row="37" col="9" cloud="0" path="" />
		<data type="26" row="3" col="0" cloud="0" path="" />
		<data type="19" row="24" col="1" cloud="8" path="" />
		<data type="19" row="2" col="5" cloud="0" path="" />
		<data type="19" row="32" col="3" cloud="0" path="" />
		<data type="19" row="35" col="3" cloud="0" path="" />
		<data type="19" row="7" col="7" cloud="0" path="" />
		<data type="19" row="9" col="4" cloud="0" path="" />
		<data type="19" row="32" col="7" cloud="0" path="" />
		<data type="19" row="36" col="7" cloud="0" path="" />
		<data type="19" row="19" col="9" cloud="8" path="" />
		<data type="19" row="36" col="9" cloud="0" path="" />
		<data type="26" row="6" col="8" cloud="0" path="" />
		<data type="19" row="22" col="0" cloud="8" path="" />
		<data type="19" row="37" col="7" cloud="0" path="" />
		<data type="19" row="20" col="10" cloud="8" path="" />
		<data type="29" row="8" col="5" cloud="0" path="" />
		<data type="26" row="10" col="2" cloud="0" path="" />
		<data type="29" row="20" col="9" cloud="0" path="" />
		<data type="19" row="30" col="3" cloud="0" path="" />
		<data type="19" row="33" col="5" cloud="0" path="" />
		<data type="19" row="4" col="8" cloud="0" path="" />
		<data type="19" row="32" col="2" cloud="0" path="" />
		<data type="19" row="33" col="3" cloud="0" path="" />
		<data type="10" row="5" col="7" cloud="0" path="" />
		<data type="19" row="8" col="3" cloud="0" path="" />
		<data type="19" row="23" col="0" cloud="8" path="" />
		<data type="19" row="4" col="7" cloud="0" path="" />
		<data type="19" row="23" col="6" cloud="0" path="" />
		<data type="19" row="33" col="4" cloud="0" path="" />
		<data type="19" row="31" col="5" cloud="0" path="" />
		<data type="19" row="24" col="9" cloud="8" path="" />
		<data type="26" row="2" col="2" cloud="0" path="" />
		<data type="19" row="23" col="5" cloud="8" path="" />
		<data type="26" row="3" col="7" cloud="0" path="" />
		<data type="19" row="7" col="3" cloud="0" path="" />
		<data type="26" row="9" col="3" cloud="0" path="" />
		<data type="19" row="31" col="7" cloud="0" path="" />
		<data type="29" row="2" col="3" cloud="0" path="" />
		<data type="26" row="3" col="9" cloud="0" path="" />
		<data type="19" row="8" col="4" cloud="0" path="" />
		<data type="19" row="34" col="0" cloud="0" path="" />
		<data type="26" row="1" col="5" cloud="0" path="" />
		<data type="19" row="37" col="1" cloud="0" path="" />
		<data type="19" row="20" col="8" cloud="0" path="" />
		<data type="19" row="36" col="4" cloud="0" path="" />
		<data type="19" row="35" col="1" cloud="0" path="" />
		<data type="19" row="34" col="2" cloud="0" path="" />
		<data type="19" row="32" col="8" cloud="0" path="" />
		<data type="19" row="31" col="9" cloud="0" path="" />
		<data type="26" row="9" col="6" cloud="0" path="" />
		<data type="19" row="35" col="9" cloud="0" path="" />
		<data type="29" row="6" col="3" cloud="0" path="" />
		<data type="29" row="6" col="7" cloud="0" path="" />
		<data type="29" row="9" col="2" cloud="0" path="" />
		<data type="19" row="8" col="8" cloud="0" path="" />
		<data type="26" row="5" col="6" cloud="0" path="" />
		<data type="29" row="34" col="4" cloud="0" path="" />
		<data type="19" row="34" col="10" cloud="0" path="" />
		<data type="26" row="9" col="1" cloud="0" path="" />
		<data type="19" row="1" col="2" cloud="0" path="" />
		<data type="19" row="8" col="2" cloud="0" path="" />
		<data type="19" row="38" col="2" cloud="0" path="" />
		<data type="19" row="1" col="3" cloud="0" path="" />
		<data type="26" row="7" col="4" cloud="0" path="" />
		<data type="19" row="6" col="4" cloud="0" path="" />
		<data type="26" row="10" col="7" cloud="0" path="" />
		<data type="26" row="3" col="3" cloud="0" path="" />
		<data type="29" row="34" col="1" cloud="0" path="" />
		<data type="19" row="21" col="3" cloud="8" path="" />
		<data type="26" row="3" col="6" cloud="0" path="" />
		<data type="19" row="31" col="3" cloud="0" path="" />
		<data type="19" row="21" col="5" cloud="8" path="" />
		<data type="19" row="33" col="0" cloud="0" path="" />
		<data type="19" row="2" col="6" cloud="0" path="" />
		<data type="19" row="32" col="9" cloud="0" path="" />
		<data type="19" row="9" col="5" cloud="0" path="" />
		<data type="19" row="35" col="2" cloud="0" path="" />
		<data type="19" row="33" col="6" cloud="0" path="" />
		<data type="19" row="35" col="0" cloud="0" path="" />
		<data type="19" row="20" col="2" cloud="8" path="" />
		<data type="26" row="5" col="9" cloud="0" path="" />
		<data type="29" row="2" col="7" cloud="0" path="" />
		<data type="19" row="7" col="2" cloud="0" path="" />
		<data type="29" row="31" col="2" cloud="0" path="" />
		<data type="19" row="35" col="5" cloud="0" path="" />
		<data type="29" row="32" col="6" cloud="0" path="" />
		<data type="19" row="31" col="6" cloud="0" path="" />
		<data type="19" row="36" col="10" cloud="0" path="" />
		<data type="26" row="9" col="8" cloud="0" path="" />
		<data type="19" row="32" col="10" cloud="0" path="" />
		<data type="19" row="26" col="9" cloud="8" path="" />
		<data type="19" row="6" col="5" cloud="0" path="" />
		<data type="19" row="19" col="5" cloud="8" path="" />
		<data type="19" row="31" col="1" cloud="0" path="" />
		<data type="19" row="25" col="0" cloud="8" path="" />
		<data type="19" row="33" col="9" cloud="0" path="" />
		<data type="19" row="0" col="3" cloud="0" path="" />
		<data type="19" row="24" col="8" cloud="0" path="" />
		<data type="19" row="25" col="7" cloud="0" path="" />
		<data type="19" row="21" col="4" cloud="8" path="" />
		<data type="19" row="26" col="8" cloud="8" path="" />
		<data type="19" row="20" col="4" cloud="8" path="" />
		<data type="19" row="34" col="6" cloud="0" path="" />
		<data type="19" row="33" col="1" cloud="0" path="" />
		<data type="19" row="21" col="9" cloud="8" path="" />
		<data type="26" row="4" col="10" cloud="0" path="" />
		<data type="19" row="24" col="6" cloud="0" path="" />
		<data type="19" row="0" col="4" cloud="0" path="" />
		<data type="19" row="19" col="4" cloud="8" path="" />
		<data type="26" row="1" col="4" cloud="0" path="" />
		<data type="29" row="0" col="5" cloud="0" path="" />
		<data type="29" row="31" col="8" cloud="0" path="" />
		<data type="26" row="3" col="2" cloud="0" path="" />
		<data type="19" row="24" col="3" cloud="8" path="" />
		<data type="19" row="30" col="9" cloud="0" path="" />
		<data type="19" row="21" col="0" cloud="8" path="" />
		<data type="19" row="38" col="3" cloud="0" path="" />
		<data type="19" row="7" col="6" cloud="0" path="" />
		<data type="19" row="20" col="6" cloud="0" path="" />
		<data type="29" row="37" col="8" cloud="0" path="" />
		<data type="19" row="21" col="6" cloud="0" path="" />
		<data type="19" row="25" col="4" cloud="8" path="" />
		<data type="19" row="3" col="1" cloud="0" path="" />
		<data type="19" row="20" col="1" cloud="8" path="" />
		<data type="29" row="25" col="8" cloud="0" path="" />
		<data type="19" row="22" col="8" cloud="8" path="" />
		<data type="19" row="38" col="9" cloud="0" path="" />
		<data type="19" row="25" col="9" cloud="8" path="" />
		<data type="29" row="36" col="6" cloud="0" path="" />
		<data type="19" row="24" col="4" cloud="8" path="" />
		<data type="19" row="23" col="3" cloud="8" path="" />
		<data type="19" row="4" col="3" cloud="0" path="" />
		<data type="19" row="25" col="5" cloud="8" path="" />
		<data type="19" row="34" col="5" cloud="0" path="" />
		<data type="10" row="5" col="2" cloud="0" path="" />
		<data type="19" row="4" col="2" cloud="0" path="" />
		<data type="19" row="37" col="6" cloud="0" path="" />
		<data type="19" row="22" col="4" cloud="8" path="" />
		<data type="19" row="30" col="8" cloud="0" path="" />
		<data type="19" row="1" col="7" cloud="0" path="" />
		<data type="26" row="5" col="0" cloud="0" path="" />
		<data type="29" row="4" col="1" cloud="0" path="" />
		<data type="19" row="32" col="4" cloud="0" path="" />
		<data type="19" row="37" col="3" cloud="0" path="" />
		<data type="29" row="24" col="5" cloud="0" path="" />
		<data type="29" row="9" col="7" cloud="0" path="" />
		<data type="19" row="38" col="8" cloud="0" path="" />
		<data type="29" row="25" col="1" cloud="0" path="" />
		<data type="19" row="20" col="3" cloud="8" path="" />
		<data type="19" row="36" col="5" cloud="0" path="" />
		<data type="29" row="4" col="9" cloud="0" path="" />
		<data type="19" row="23" col="7" cloud="8" path="" />
		<data type="19" row="8" col="6" cloud="0" path="" />
		<data type="19" row="36" col="2" cloud="0" path="" />
		<data type="19" row="36" col="8" cloud="0" path="" />
		<data type="26" row="10" col="8" cloud="0" path="" />
		<data type="19" row="22" col="6" cloud="0" path="" />
		<data type="19" row="26" col="2" cloud="0" path="" />
		<data type="19" row="24" col="2" cloud="8" path="" />
		<data type="19" row="21" col="8" cloud="0" path="" />
		<data type="26" row="7" col="5" cloud="0" path="" />
		<data type="19" row="36" col="3" cloud="0" path="" />
		<data type="19" row="5" col="8" cloud="0" path="" />
		<data type="26" row="6" col="2" cloud="0" path="" />
		<data type="26" row="10" col="3" cloud="0" path="" />
		<data type="26" row="2" col="8" cloud="0" path="" />
		<data type="19" row="32" col="5" cloud="0" path="" />
		<data type="26" row="4" col="0" cloud="0" path="" />
		<data type="19" row="35" col="6" cloud="0" path="" />
		<data type="19" row="30" col="2" cloud="0" path="" />
		<data type="19" row="6" col="6" cloud="0" path="" />
		<data type="19" row="5" col="1" cloud="0" path="" />
		<data type="19" row="37" col="5" cloud="0" path="" />
		<data type="19" row="21" col="7" cloud="8" path="" />
		<data type="19" row="19" col="8" cloud="8" path="" />
		<data type="29" row="22" col="7" cloud="0" path="" />
		<data type="19" row="25" col="2" cloud="8" path="" />
		<data type="29" row="20" col="5" cloud="0" path="" />
		<data type="19" row="35" col="4" cloud="0" path="" />
		<data type="19" row="3" col="8" cloud="0" path="" />
		<data type="19" row="0" col="7" cloud="0" path="" />
		<data type="19" row="0" col="6" cloud="0" path="" />
		<data type="19" row="26" col="1" cloud="8" path="" />
		<data type="19" row="1" col="6" cloud="0" path="" />
	</bubbles>
	<info bubbleNum="23" type="4" start1="12000" start2="95000" start3="136000" colors="1111000" />
</include>