<?xml version="1.0" encoding="UTF-8"?>
<include>
	<bubbles>
		<data type="19" row="10" col="7" cloud="0" path="" />
		<data type="19" row="9" col="6" cloud="0" path="" />
		<data type="19" row="5" col="6" cloud="8" path="" />
		<data type="19" row="2" col="0" cloud="0" path="" />
		<data type="19" row="0" col="2" cloud="0" path="" />
		<data type="19" row="1" col="4" cloud="8" path="" />
		<data type="19" row="4" col="3" cloud="8" path="" />
		<data type="19" row="11" col="4" cloud="8" path="" />
		<data type="19" row="1" col="8" cloud="0" path="" />
		<data type="19" row="7" col="2" cloud="0" path="" />
		<data type="19" row="0" col="3" cloud="0" path="" />
		<data type="19" row="8" col="6" cloud="0" path="" />
		<data type="19" row="1" col="6" cloud="0" path="" />
		<data type="19" row="8" col="4" cloud="0" path="" />
		<data type="19" row="12" col="10" cloud="0" path="" />
		<data type="19" row="8" col="10" cloud="0" path="" />
		<data type="19" row="0" col="6" cloud="8" path="" />
		<data type="19" row="0" col="8" cloud="0" path="" />
		<data type="19" row="2" col="9" cloud="0" path="" />
		<data type="19" row="12" col="5" cloud="0" path="" />
		<data type="19" row="9" col="4" cloud="8" path="" />
		<data type="19" row="4" col="9" cloud="0" path="" />
		<data type="19" row="11" col="0" cloud="8" path="" />
		<data type="19" row="3" col="2" cloud="0" path="" />
		<data type="19" row="11" col="5" cloud="8" path="" />
		<data type="19" row="5" col="4" cloud="0" path="" />
		<data type="19" row="4" col="4" cloud="0" path="" />
		<data type="19" row="3" col="8" cloud="0" path="" />
		<data type="19" row="11" col="8" cloud="0" path="" />
		<data type="19" row="5" col="9" cloud="0" path="" />
		<data type="19" row="8" col="0" cloud="0" path="" />
		<data type="19" row="1" col="1" cloud="0" path="" />
		<data type="19" row="2" col="1" cloud="0" path="" />
		<data type="19" row="4" col="7" cloud="8" path="" />
		<data type="19" row="5" col="8" cloud="8" path="" />
		<data type="19" row="4" col="1" cloud="0" path="" />
		<data type="19" row="6" col="8" cloud="8" path="" />
		<data type="19" row="1" col="0" cloud="8" path="" />
		<data type="19" row="12" col="6" cloud="0" path="" />
		<data type="19" row="2" col="5" cloud="0" path="" />
		<data type="19" row="6" col="2" cloud="8" path="" />
		<data type="19" row="6" col="3" cloud="8" path="" />
		<data type="19" row="9" col="3" cloud="0" path="" />
		<data type="19" row="7" col="3" cloud="0" path="" />
		<data type="19" row="5" col="0" cloud="0" path="" />
		<data type="19" row="1" col="9" cloud="8" path="" />
		<data type="19" row="3" col="7" cloud="0" path="" />
		<data type="19" row="0" col="1" cloud="8" path="" />
		<data type="19" row="10" col="4" cloud="8" path="" />
		<data type="19" row="3" col="3" cloud="0" path="" />
		<data type="19" row="11" col="3" cloud="0" path="" />
		<data type="19" row="7" col="1" cloud="0" path="" />
		<data type="19" row="9" col="8" cloud="0" path="" />
		<data type="19" row="5" col="3" cloud="8" path="" />
		<data type="19" row="12" col="4" cloud="0" path="" />
		<data type="19" row="5" col="1" cloud="8" path="" />
		<data type="19" row="5" col="5" cloud="0" path="" />
		<data type="19" row="10" col="6" cloud="8" path="" />
		<data type="19" row="12" col="0" cloud="0" path="" />
		<data type="19" row="7" col="8" cloud="0" path="" />
		<data type="19" row="6" col="7" cloud="8" path="" />
		<data type="19" row="3" col="1" cloud="0" path="" />
		<data type="19" row="4" col="2" cloud="8" path="" />
		<data type="19" row="11" col="6" cloud="0" path="" />
		<data type="19" row="10" col="3" cloud="0" path="" />
		<data type="19" row="4" col="6" cloud="0" path="" />
		<data type="19" row="10" col="9" cloud="8" path="" />
		<data type="19" row="6" col="1" cloud="0" path="" />
		<data type="19" row="1" col="5" cloud="8" path="" />
		<data type="19" row="0" col="9" cloud="8" path="" />
		<data type="19" row="10" col="1" cloud="8" path="" />
		<data type="19" row="8" col="9" cloud="0" path="" />
		<data type="19" row="4" col="8" cloud="8" path="" />
		<data type="19" row="12" col="1" cloud="0" path="" />
		<data type="19" row="11" col="9" cloud="8" path="" />
		<data type="19" row="12" col="9" cloud="0" path="" />
		<data type="19" row="6" col="9" cloud="0" path="" />
		<data type="19" row="7" col="7" cloud="0" path="" />
		<data type="19" row="9" col="0" cloud="8" path="" />
		<data type="19" row="1" col="3" cloud="0" path="" />
		<data type="19" row="0" col="7" cloud="0" path="" />
		<data type="19" row="2" col="6" cloud="0" path="" />
		<data type="19" row="11" col="1" cloud="0" path="" />
		<data type="19" row="6" col="4" cloud="0" path="" />
		<data type="19" row="2" col="4" cloud="0" path="" />
		<data type="19" row="9" col="5" cloud="8" path="" />
		<data type="19" row="9" col="9" cloud="8" path="" />
		<data type="19" row="8" col="5" cloud="0" path="" />
		<data type="19" row="10" col="8" cloud="0" path="" />
		<data type="19" row="3" col="6" cloud="0" path="" />
		<data type="19" row="0" col="4" cloud="8" path="" />
		<data type="19" row="7" col="6" cloud="0" path="" />
		<data type="19" row="9" col="1" cloud="0" path="" />
		<data type="19" row="8" col="1" cloud="0" path="" />
		<data type="19" row="2" col="10" cloud="0" path="" />
		<data type="19" row="10" col="2" cloud="0" path="" />
		<data type="19" row="6" col="6" cloud="0" path="" />
	</bubbles>
	<info bubbleNum="50" type="1" start1="9000" start2="18000" start3="50000" colors="1111000" />
</include>