<?xml version="1.0" encoding="UTF-8"?>
<include>
	<bubbles>
		<data type="13" row="42" col="5" cloud="0" path="" />
		<data type="13" row="18" col="5" cloud="0" path="" />
		<data type="13" row="2" col="5" cloud="0" path="" />
		<data type="26" row="37" col="4" cloud="0" path="" />
		<data type="19" row="9" col="5" cloud="0" path="" />
		<data type="19" row="13" col="6" cloud="8" path="" />
		<data type="19" row="16" col="9" cloud="0" path="" />
		<data type="10" row="18" col="1" cloud="0" path="" />
		<data type="19" row="39" col="5" cloud="0" path="" />
		<data type="10" row="16" col="10" cloud="0" path="" />
		<data type="19" row="14" col="8" cloud="0" path="" />
		<data type="19" row="25" col="4" cloud="8" path="" />
		<data type="19" row="12" col="8" cloud="0" path="" />
		<data type="19" row="48" col="8" cloud="0" path="" />
		<data type="19" row="34" col="5" cloud="0" path="" />
		<data type="19" row="40" col="5" cloud="0" path="" />
		<data type="19" row="41" col="6" cloud="0" path="" />
		<data type="19" row="24" col="4" cloud="0" path="" />
		<data type="19" row="48" col="7" cloud="0" path="" />
		<data type="19" row="48" col="9" cloud="0" path="" />
		<data type="19" row="40" col="6" cloud="0" path="" />
		<data type="9" row="3" col="6" cloud="0" path="" />
		<data type="19" row="17" col="8" cloud="8" path="" />
		<data type="19" row="47" col="8" cloud="0" path="" />
		<data type="19" row="39" col="4" cloud="0" path="" />
		<data type="19" row="38" col="5" cloud="0" path="" />
		<data type="19" row="16" col="8" cloud="0" path="" />
		<data type="19" row="44" col="7" cloud="0" path="" />
		<data type="19" row="19" col="8" cloud="0" path="" />
		<data type="19" row="17" col="7" cloud="0" path="" />
		<data type="10" row="46" col="8" cloud="0" path="" />
		<data type="19" row="18" col="8" cloud="8" path="" />
		<data type="19" row="12" col="4" cloud="0" path="" />
		<data type="10" row="20" col="8" cloud="0" path="" />
		<data type="26" row="5" col="4" cloud="0" path="" />
		<data type="19" row="45" col="7" cloud="0" path="" />
		<data type="19" row="19" col="7" cloud="0" path="" />
		<data type="19" row="6" col="6" cloud="8" path="" />
		<data type="19" row="13" col="3" cloud="8" path="" />
		<data type="19" row="19" col="1" cloud="0" path="" />
		<data type="26" row="5" col="5" cloud="0" path="" />
		<data type="19" row="4" col="6" cloud="8" path="" />
		<data type="19" row="4" col="2" cloud="8" path="" />
		<data type="19" row="44" col="3" cloud="0" path="" />
		<data type="19" row="10" col="1" cloud="0" path="" />
		<data type="19" row="18" col="2" cloud="8" path="" />
		<data type="19" row="6" col="2" cloud="0" path="" />
		<data type="19" row="11" col="4" cloud="8" path="" />
		<data type="19" row="5" col="3" cloud="0" path="" />
		<data type="19" row="7" col="5" cloud="8" path="" />
		<data type="19" row="46" col="1" cloud="0" path="" />
		<data type="10" row="8" col="8" cloud="0" path="" />
		<data type="19" row="8" col="7" cloud="0" path="" />
		<data type="19" row="5" col="6" cloud="0" path="" />
		<data type="19" row="28" col="5" cloud="0" path="" />
		<data type="19" row="12" col="2" cloud="0" path="" />
		<data type="19" row="42" col="7" cloud="0" path="" />
		<data type="19" row="18" col="3" cloud="0" path="" />
		<data type="19" row="9" col="1" cloud="8" path="" />
		<data type="19" row="9" col="8" cloud="8" path="" />
		<data type="9" row="4" col="3" cloud="0" path="" />
		<data type="19" row="7" col="7" cloud="0" path="" />
		<data type="19" row="18" col="9" cloud="0" path="" />
		<data type="19" row="48" col="10" cloud="0" path="" />
		<data type="19" row="43" col="2" cloud="0" path="" />
		<data type="19" row="42" col="3" cloud="0" path="" />
		<data type="19" row="43" col="6" cloud="0" path="" />
		<data type="19" row="36" col="5" cloud="0" path="" />
		<data type="19" row="11" col="1" cloud="0" path="" />
		<data type="19" row="45" col="2" cloud="0" path="" />
		<data type="19" row="44" col="2" cloud="0" path="" />
		<data type="19" row="7" col="6" cloud="0" path="" />
		<data type="19" row="14" col="2" cloud="0" path="" />
		<data type="19" row="6" col="4" cloud="8" path="" />
		<data type="19" row="47" col="7" cloud="0" path="" />
		<data type="19" row="45" col="1" cloud="0" path="" />
		<data type="19" row="45" col="8" cloud="0" path="" />
		<data type="19" row="48" col="1" cloud="0" path="" />
		<data type="19" row="25" col="5" cloud="8" path="" />
		<data type="19" row="47" col="2" cloud="0" path="" />
		<data type="19" row="41" col="3" cloud="0" path="" />
		<data type="19" row="44" col="4" cloud="0" path="" />
		<data type="10" row="13" col="2" cloud="0" path="" />
		<data type="19" row="48" col="2" cloud="0" path="" />
		<data type="19" row="47" col="1" cloud="0" path="" />
		<data type="10" row="46" col="2" cloud="0" path="" />
		<data type="19" row="47" col="3" cloud="0" path="" />
		<data type="19" row="46" col="3" cloud="0" path="" />
		<data type="19" row="48" col="3" cloud="0" path="" />
		<data type="19" row="45" col="3" cloud="0" path="" />
		<data type="19" row="43" col="3" cloud="0" path="" />
		<data type="19" row="3" col="7" cloud="8" path="" />
		<data type="10" row="32" col="5" cloud="0" path="" />
		<data type="19" row="24" col="5" cloud="0" path="" />
		<data type="19" row="20" col="3" cloud="0" path="" />
		<data type="19" row="17" col="9" cloud="0" path="" />
		<data type="19" row="48" col="0" cloud="0" path="" />
		<data type="19" row="16" col="6" cloud="0" path="" />
		<data type="19" row="14" col="4" cloud="0" path="" />
		<data type="19" row="19" col="2" cloud="0" path="" />
		<data type="19" row="23" col="6" cloud="0" path="" />
		<data type="26" row="33" col="4" cloud="0" path="" />
		<data type="19" row="21" col="2" cloud="0" path="" />
		<data type="19" row="20" col="2" cloud="0" path="" />
		<data type="19" row="22" col="6" cloud="0" path="" />
		<data type="9" row="20" col="4" cloud="0" path="" />
		<data type="19" row="15" col="5" cloud="0" path="" />
		<data type="19" row="24" col="6" cloud="0" path="" />
		<data type="19" row="4" col="4" cloud="8" path="" />
		<data type="19" row="19" col="3" cloud="8" path="" />
		<data type="19" row="18" col="7" cloud="0" path="" />
		<data type="19" row="23" col="5" cloud="8" path="" />
		<data type="19" row="46" col="7" cloud="0" path="" />
		<data type="19" row="47" col="0" cloud="0" path="" />
		<data type="19" row="17" col="3" cloud="0" path="" />
		<data type="19" row="20" col="7" cloud="0" path="" />
		<data type="19" row="12" col="6" cloud="0" path="" />
		<data type="19" row="11" col="8" cloud="0" path="" />
		<data type="19" row="21" col="3" cloud="8" path="" />
		<data type="19" row="11" col="5" cloud="8" path="" />
		<data type="19" row="16" col="4" cloud="0" path="" />
		<data type="19" row="22" col="7" cloud="0" path="" />
		<data type="7" row="10" col="5" cloud="0" path="" />
		<data type="26" row="31" col="5" cloud="0" path="" />
		<data type="19" row="16" col="1" cloud="0" path="" />
		<data type="19" row="19" col="6" cloud="8" path="" />
		<data type="19" row="23" col="4" cloud="8" path="" />
		<data type="19" row="22" col="4" cloud="0" path="" />
		<data type="26" row="27" col="5" cloud="0" path="" />
		<data type="19" row="2" col="3" cloud="8" path="" />
		<data type="26" row="29" col="4" cloud="0" path="" />
		<data type="19" row="4" col="8" cloud="8" path="" />
		<data type="19" row="17" col="0" cloud="0" path="" />
		<data type="19" row="8" col="4" cloud="0" path="" />
		<data type="19" row="15" col="4" cloud="0" path="" />
		<data type="19" row="3" col="2" cloud="8" path="" />
		<data type="19" row="16" col="2" cloud="0" path="" />
		<data type="19" row="16" col="0" cloud="0" path="" />
		<data type="19" row="5" col="7" cloud="8" path="" />
		<data type="19" row="7" col="3" cloud="0" path="" />
		<data type="10" row="23" col="3" cloud="0" path="" />
		<data type="9" row="4" col="7" cloud="0" path="" />
		<data type="19" row="15" col="1" cloud="0" path="" />
		<data type="19" row="47" col="9" cloud="0" path="" />
		<data type="9" row="3" col="3" cloud="0" path="" />
		<data type="19" row="10" col="9" cloud="0" path="" />
		<data type="19" row="16" col="3" cloud="0" path="" />
		<data type="19" row="46" col="9" cloud="0" path="" />
		<data type="19" row="17" col="1" cloud="8" path="" />
		<data type="19" row="7" col="4" cloud="8" path="" />
		<data type="19" row="47" col="6" cloud="0" path="" />
		<data type="19" row="9" col="4" cloud="0" path="" />
		<data type="19" row="8" col="3" cloud="0" path="" />
		<data type="19" row="21" col="6" cloud="8" path="" />
		<data type="9" row="20" col="6" cloud="0" path="" />
		<data type="19" row="30" col="5" cloud="0" path="" />
		<data type="19" row="22" col="5" cloud="0" path="" />
		<data type="19" row="7" col="2" cloud="0" path="" />
		<data type="19" row="5" col="2" cloud="8" path="" />
		<data type="19" row="21" col="5" cloud="0" path="" />
		<data type="9" row="20" col="5" cloud="0" path="" />
		<data type="19" row="0" col="5" cloud="8" path="" />
		<data type="19" row="6" col="8" cloud="0" path="" />
		<data type="19" row="21" col="4" cloud="0" path="" />
		<data type="19" row="14" col="6" cloud="0" path="" />
		<data type="19" row="17" col="2" cloud="0" path="" />
		<data type="19" row="40" col="4" cloud="0" path="" />
		<data type="19" row="46" col="4" cloud="0" path="" />
		<data type="26" row="35" col="5" cloud="0" path="" />
		<data type="19" row="45" col="5" cloud="0" path="" />
		<data type="19" row="4" col="5" cloud="8" path="" />
		<data type="19" row="2" col="7" cloud="8" path="" />
		<data type="19" row="8" col="2" cloud="0" path="" />
		<data type="19" row="44" col="5" cloud="0" path="" />
		<data type="19" row="16" col="5" cloud="0" path="" />
		<data type="19" row="44" col="8" cloud="0" path="" />
		<data type="19" row="21" col="7" cloud="0" path="" />
		<data type="19" row="45" col="4" cloud="0" path="" />
		<data type="19" row="16" col="7" cloud="0" path="" />
		<data type="19" row="17" col="6" cloud="0" path="" />
		<data type="19" row="43" col="7" cloud="0" path="" />
		<data type="19" row="45" col="6" cloud="0" path="" />
		<data type="19" row="26" col="5" cloud="0" path="" />
		<data type="19" row="13" col="7" cloud="8" path="" />
		<data type="19" row="44" col="6" cloud="0" path="" />
		<data type="19" row="15" col="8" cloud="0" path="" />
		<data type="19" row="22" col="3" cloud="0" path="" />
		<data type="19" row="8" col="6" cloud="0" path="" />
		<data type="19" row="46" col="6" cloud="0" path="" />
	</bubbles>
	<info bubbleNum="47" type="4" start1="7000" start2="56000" start3="80000" colors="1111000" />
</include>