<?xml version="1.0" encoding="UTF-8"?>
<include>
	<bubbles>
		<data type="19" row="21" col="1" cloud="0" path="" />
		<data type="19" row="14" col="1" cloud="0" path="" />
		<data type="19" row="11" col="2" cloud="0" path="" />
		<data type="19" row="0" col="7" cloud="0" path="" />
		<data type="19" row="9" col="5" cloud="0" path="" />
		<data type="19" row="10" col="9" cloud="0" path="" />
		<data type="27" row="18" col="2" cloud="0" path="" />
		<data type="19" row="0" col="0" cloud="0" path="" />
		<data type="19" row="15" col="2" cloud="0" path="" />
		<data type="19" row="6" col="3" cloud="0" path="" />
		<data type="26" row="18" col="5" cloud="0" path="" />
		<data type="19" row="12" col="4" cloud="0" path="" />
		<data type="19" row="18" col="1" cloud="0" path="" />
		<data type="27" row="10" col="2" cloud="0" path="" />
		<data type="19" row="0" col="6" cloud="0" path="" />
		<data type="19" row="17" col="4" cloud="0" path="" />
		<data type="19" row="12" col="8" cloud="0" path="" />
		<data type="19" row="14" col="9" cloud="0" path="" />
		<data type="27" row="18" col="8" cloud="0" path="" />
		<data type="26" row="14" col="2" cloud="0" path="" />
		<data type="19" row="14" col="5" cloud="0" path="" />
		<data type="19" row="4" col="2" cloud="0" path="" />
		<data type="19" row="9" col="2" cloud="0" path="" />
		<data type="19" row="18" col="9" cloud="0" path="" />
		<data type="19" row="15" col="5" cloud="0" path="" />
		<data type="19" row="3" col="2" cloud="0" path="" />
		<data type="19" row="0" col="5" cloud="0" path="" />
		<data type="19" row="8" col="8" cloud="0" path="" />
		<data type="19" row="11" col="4" cloud="0" path="" />
		<data type="19" row="13" col="4" cloud="0" path="" />
		<data type="19" row="13" col="8" cloud="0" path="" />
		<data type="19" row="13" col="1" cloud="0" path="" />
		<data type="19" row="14" col="7" cloud="0" path="" />
		<data type="19" row="9" col="4" cloud="0" path="" />
		<data type="19" row="3" col="1" cloud="0" path="" />
		<data type="19" row="12" col="5" cloud="0" path="" />
		<data type="19" row="13" col="2" cloud="0" path="" />
		<data type="19" row="17" col="2" cloud="0" path="" />
		<data type="19" row="13" col="7" cloud="0" path="" />
		<data type="19" row="10" col="1" cloud="0" path="" />
		<data type="19" row="15" col="7" cloud="0" path="" />
		<data type="19" row="7" col="5" cloud="0" path="" />
		<data type="19" row="15" col="4" cloud="0" path="" />
		<data type="19" row="4" col="6" cloud="0" path="" />
		<data type="19" row="5" col="5" cloud="0" path="" />
		<data type="19" row="2" col="2" cloud="0" path="" />
		<data type="19" row="1" col="2" cloud="0" path="" />
		<data type="27" row="0" col="2" cloud="0" path="" />
		<data type="26" row="14" col="8" cloud="0" path="" />
		<data type="19" row="16" col="2" cloud="0" path="" />
		<data type="26" row="10" col="5" cloud="0" path="" />
		<data type="26" row="22" col="8" cloud="0" path="" />
		<data type="19" row="5" col="2" cloud="0" path="" />
		<data type="19" row="23" col="1" cloud="0" path="" />
		<data type="19" row="19" col="8" cloud="0" path="" />
		<data type="19" row="15" col="1" cloud="0" path="" />
		<data type="19" row="0" col="1" cloud="0" path="" />
		<data type="19" row="10" col="3" cloud="0" path="" />
		<data type="19" row="22" col="7" cloud="0" path="" />
		<data type="19" row="21" col="8" cloud="0" path="" />
		<data type="19" row="15" col="8" cloud="0" path="" />
		<data type="19" row="22" col="3" cloud="0" path="" />
		<data type="19" row="21" col="2" cloud="0" path="" />
		<data type="19" row="7" col="4" cloud="0" path="" />
		<data type="19" row="0" col="9" cloud="0" path="" />
		<data type="19" row="6" col="1" cloud="0" path="" />
		<data type="19" row="1" col="7" cloud="0" path="" />
		<data type="19" row="0" col="3" cloud="0" path="" />
		<data type="27" row="0" col="8" cloud="0" path="" />
		<data type="19" row="0" col="4" cloud="0" path="" />
		<data type="19" row="19" col="2" cloud="0" path="" />
		<data type="27" row="10" col="8" cloud="0" path="" />
		<data type="19" row="1" col="8" cloud="0" path="" />
		<data type="19" row="5" col="4" cloud="0" path="" />
		<data type="19" row="1" col="5" cloud="0" path="" />
		<data type="19" row="7" col="1" cloud="0" path="" />
		<data type="19" row="3" col="5" cloud="0" path="" />
		<data type="19" row="7" col="8" cloud="0" path="" />
		<data type="26" row="22" col="2" cloud="0" path="" />
		<data type="26" row="6" col="8" cloud="0" path="" />
		<data type="19" row="9" col="1" cloud="0" path="" />
		<data type="19" row="5" col="8" cloud="0" path="" />
		<data type="19" row="2" col="8" cloud="0" path="" />
		<data type="19" row="0" col="10" cloud="0" path="" />
		<data type="19" row="6" col="9" cloud="0" path="" />
		<data type="19" row="18" col="3" cloud="0" path="" />
		<data type="19" row="22" col="9" cloud="0" path="" />
		<data type="19" row="3" col="4" cloud="0" path="" />
		<data type="19" row="19" col="7" cloud="0" path="" />
		<data type="19" row="12" col="6" cloud="0" path="" />
		<data type="19" row="7" col="7" cloud="0" path="" />
		<data type="19" row="4" col="8" cloud="0" path="" />
		<data type="19" row="1" col="4" cloud="0" path="" />
		<data type="19" row="20" col="2" cloud="0" path="" />
		<data type="19" row="24" col="2" cloud="0" path="" />
		<data type="19" row="16" col="5" cloud="0" path="" />
		<data type="19" row="21" col="7" cloud="0" path="" />
		<data type="19" row="3" col="8" cloud="0" path="" />
		<data type="19" row="17" col="5" cloud="0" path="" />
		<data type="19" row="24" col="8" cloud="0" path="" />
		<data type="26" row="2" col="5" cloud="0" path="" />
		<data type="19" row="6" col="5" cloud="0" path="" />
		<data type="19" row="18" col="7" cloud="0" path="" />
		<data type="19" row="3" col="7" cloud="0" path="" />
		<data type="19" row="6" col="7" cloud="0" path="" />
		<data type="19" row="23" col="2" cloud="0" path="" />
		<data type="19" row="4" col="5" cloud="0" path="" />
		<data type="19" row="4" col="4" cloud="0" path="" />
		<data type="26" row="6" col="2" cloud="0" path="" />
		<data type="19" row="20" col="8" cloud="0" path="" />
		<data type="19" row="9" col="8" cloud="0" path="" />
		<data type="19" row="11" col="8" cloud="0" path="" />
		<data type="19" row="8" col="5" cloud="0" path="" />
		<data type="19" row="8" col="2" cloud="0" path="" />
		<data type="19" row="5" col="7" cloud="0" path="" />
		<data type="19" row="16" col="8" cloud="0" path="" />
		<data type="19" row="14" col="3" cloud="0" path="" />
		<data type="19" row="19" col="1" cloud="0" path="" />
		<data type="19" row="23" col="7" cloud="0" path="" />
		<data type="19" row="23" col="8" cloud="0" path="" />
		<data type="19" row="9" col="7" cloud="0" path="" />
		<data type="19" row="7" col="2" cloud="0" path="" />
		<data type="19" row="13" col="5" cloud="0" path="" />
		<data type="19" row="1" col="1" cloud="0" path="" />
		<data type="19" row="12" col="2" cloud="0" path="" />
		<data type="19" row="11" col="7" cloud="0" path="" />
		<data type="19" row="5" col="1" cloud="0" path="" />
		<data type="19" row="10" col="7" cloud="0" path="" />
		<data type="19" row="17" col="8" cloud="0" path="" />
		<data type="19" row="17" col="7" cloud="0" path="" />
		<data type="19" row="11" col="5" cloud="0" path="" />
		<data type="19" row="17" col="1" cloud="0" path="" />
		<data type="19" row="22" col="1" cloud="0" path="" />
		<data type="19" row="11" col="1" cloud="0" path="" />
	</bubbles>
	<info bubbleNum="40" type="1" start1="20000" start2="35000" start3="50000" colors="1111000" />
</include>