<?xml version="1.0" encoding="UTF-8"?>
<include>
	<bubbles>
		<data type="16" row="8" col="10" cloud="0" path="" />
		<data type="16" row="8" col="5" cloud="0" path="" />
		<data type="16" row="8" col="0" cloud="0" path="" />
		<data type="16" row="14" col="0" cloud="0" path="" />
		<data type="16" row="14" col="5" cloud="0" path="" />
		<data type="16" row="14" col="10" cloud="0" path="" />
		<data type="17" row="2" col="5" cloud="0" path="" />
		<data type="19" row="7" col="4" cloud="0" path="" />
		<data type="19" row="13" col="4" cloud="0" path="" />
		<data type="9" row="17" col="1" cloud="0" path="" />
		<data type="19" row="7" col="0" cloud="0" path="" />
		<data type="19" row="19" col="0" cloud="0" path="" />
		<data type="1" row="1" col="5" cloud="0" path="" />
		<data type="19" row="2" col="7" cloud="0" path="" />
		<data type="9" row="5" col="3" cloud="0" path="" />
		<data type="19" row="3" col="2" cloud="0" path="" />
		<data type="19" row="19" col="9" cloud="0" path="" />
		<data type="19" row="4" col="5" cloud="0" path="" />
		<data type="19" row="7" col="5" cloud="0" path="" />
		<data type="2" row="0" col="6" cloud="0" path="" />
		<data type="0" row="12" col="9" cloud="0" path="" />
		<data type="19" row="10" col="1" cloud="0" path="" />
		<data type="0" row="13" col="9" cloud="0" path="" />
		<data type="9" row="11" col="1" cloud="0" path="" />
		<data type="19" row="12" col="5" cloud="0" path="" />
		<data type="19" row="2" col="2" cloud="0" path="" />
		<data type="19" row="15" col="9" cloud="0" path="" />
		<data type="19" row="1" col="2" cloud="0" path="" />
		<data type="19" row="17" col="4" cloud="0" path="" />
		<data type="19" row="20" col="5" cloud="0" path="" />
		<data type="19" row="6" col="5" cloud="0" path="" />
		<data type="9" row="11" col="6" cloud="0" path="" />
		<data type="19" row="18" col="5" cloud="0" path="" />
		<data type="9" row="17" col="3" cloud="0" path="" />
		<data type="19" row="2" col="3" cloud="0" path="" />
		<data type="19" row="1" col="7" cloud="0" path="" />
		<data type="19" row="15" col="0" cloud="0" path="" />
		<data type="19" row="15" col="5" cloud="0" path="" />
		<data type="9" row="17" col="6" cloud="0" path="" />
		<data type="19" row="3" col="1" cloud="0" path="" />
		<data type="19" row="13" col="5" cloud="0" path="" />
		<data type="9" row="17" col="8" cloud="0" path="" />
		<data type="19" row="17" col="5" cloud="0" path="" />
		<data type="19" row="2" col="8" cloud="0" path="" />
		<data type="19" row="16" col="9" cloud="0" path="" />
		<data type="19" row="20" col="10" cloud="0" path="" />
		<data type="1" row="0" col="4" cloud="0" path="" />
		<data type="19" row="4" col="2" cloud="0" path="" />
		<data type="19" row="11" col="5" cloud="0" path="" />
		<data type="19" row="6" col="9" cloud="0" path="" />
		<data type="19" row="5" col="4" cloud="0" path="" />
		<data type="19" row="4" col="9" cloud="0" path="" />
		<data type="0" row="1" col="4" cloud="0" path="" />
		<data type="9" row="11" col="8" cloud="0" path="" />
		<data type="19" row="7" col="9" cloud="0" path="" />
		<data type="19" row="3" col="7" cloud="0" path="" />
		<data type="19" row="16" col="1" cloud="0" path="" />
		<data type="19" row="9" col="9" cloud="0" path="" />
		<data type="1" row="13" col="0" cloud="0" path="" />
		<data type="19" row="4" col="8" cloud="0" path="" />
		<data type="19" row="6" col="1" cloud="0" path="" />
		<data type="19" row="16" col="5" cloud="0" path="" />
		<data type="19" row="1" col="3" cloud="0" path="" />
		<data type="9" row="5" col="1" cloud="0" path="" />
		<data type="19" row="19" col="4" cloud="0" path="" />
		<data type="3" row="0" col="5" cloud="0" path="" />
		<data type="9" row="5" col="8" cloud="0" path="" />
		<data type="19" row="20" col="0" cloud="0" path="" />
		<data type="19" row="1" col="6" cloud="0" path="" />
		<data type="19" row="11" col="4" cloud="0" path="" />
		<data type="19" row="19" col="5" cloud="0" path="" />
		<data type="9" row="11" col="3" cloud="0" path="" />
		<data type="19" row="4" col="1" cloud="0" path="" />
		<data type="19" row="15" col="4" cloud="0" path="" />
		<data type="19" row="0" col="3" cloud="0" path="" />
		<data type="19" row="10" col="9" cloud="0" path="" />
		<data type="9" row="5" col="6" cloud="0" path="" />
		<data type="19" row="3" col="8" cloud="0" path="" />
		<data type="19" row="9" col="5" cloud="0" path="" />
		<data type="19" row="9" col="0" cloud="0" path="" />
		<data type="19" row="0" col="7" cloud="0" path="" />
		<data type="19" row="18" col="9" cloud="0" path="" />
		<data type="1" row="12" col="1" cloud="0" path="" />
		<data type="19" row="9" col="4" cloud="0" path="" />
		<data type="19" row="5" col="5" cloud="0" path="" />
		<data type="19" row="18" col="1" cloud="0" path="" />
		<data type="9" row="3" col="3" cloud="0" path="" />
		<data type="19" row="10" col="5" cloud="0" path="" />
		<data type="19" row="3" col="4" cloud="0" path="" />
	</bubbles>
	<info bubbleNum="26" type="2" start1="20000" start2="40000" start3="100000" colors="1111000" />
</include>