<?xml version="1.0" encoding="UTF-8"?>
<include>
	<bubbles>
		<data type="19" row="10" col="6" cloud="0" path="" />
		<data type="2" row="4" col="5" cloud="0" path="" />
		<data type="0" row="6" col="4" cloud="0" path="" />
		<data type="19" row="3" col="4" cloud="0" path="" />
		<data type="29" row="16" col="5" cloud="0" path="" />
		<data type="19" row="1" col="0" cloud="0" path="" />
		<data type="0" row="7" col="4" cloud="0" path="" />
		<data type="1" row="14" col="5" cloud="0" path="" />
		<data type="19" row="0" col="6" cloud="0" path="" />
		<data type="19" row="0" col="2" cloud="0" path="" />
		<data type="3" row="15" col="5" cloud="0" path="" />
		<data type="3" row="13" col="4" cloud="0" path="" />
		<data type="19" row="12" col="6" cloud="0" path="" />
		<data type="19" row="9" col="5" cloud="0" path="" />
		<data type="19" row="3" col="5" cloud="0" path="" />
		<data type="19" row="1" col="9" cloud="0" path="" />
		<data type="19" row="0" col="8" cloud="0" path="" />
		<data type="19" row="0" col="4" cloud="0" path="" />
		<data type="19" row="1" col="3" cloud="0" path="" />
		<data type="2" row="6" col="6" cloud="0" path="" />
		<data type="19" row="9" col="4" cloud="0" path="" />
		<data type="1" row="17" col="5" cloud="0" path="" />
		<data type="19" row="11" col="6" cloud="0" path="" />
		<data type="19" row="2" col="6" cloud="0" path="" />
		<data type="19" row="0" col="7" cloud="0" path="" />
		<data type="19" row="0" col="0" cloud="0" path="" />
		<data type="19" row="0" col="10" cloud="0" path="" />
		<data type="0" row="16" col="4" cloud="0" path="" />
		<data type="3" row="16" col="6" cloud="0" path="" />
		<data type="29" row="6" col="5" cloud="0" path="" />
		<data type="19" row="8" col="5" cloud="0" path="" />
		<data type="2" row="7" col="5" cloud="0" path="" />
		<data type="19" row="0" col="3" cloud="0" path="" />
		<data type="19" row="1" col="1" cloud="0" path="" />
		<data type="19" row="11" col="3" cloud="0" path="" />
		<data type="19" row="0" col="5" cloud="0" path="" />
		<data type="19" row="2" col="9" cloud="0" path="" />
		<data type="1" row="5" col="5" cloud="0" path="" />
		<data type="1" row="17" col="4" cloud="0" path="" />
		<data type="19" row="0" col="1" cloud="0" path="" />
		<data type="19" row="1" col="8" cloud="0" path="" />
		<data type="19" row="2" col="4" cloud="0" path="" />
		<data type="19" row="1" col="6" cloud="0" path="" />
		<data type="0" row="13" col="5" cloud="0" path="" />
		<data type="0" row="15" col="4" cloud="0" path="" />
		<data type="19" row="12" col="4" cloud="0" path="" />
		<data type="19" row="2" col="1" cloud="0" path="" />
		<data type="19" row="10" col="4" cloud="0" path="" />
		<data type="1" row="5" col="4" cloud="0" path="" />
		<data type="19" row="0" col="9" cloud="0" path="" />
	</bubbles>
	<info bubbleNum="30" type="1" start1="1000" start2="2000" start3="5000" colors="1111000" />
</include>