<?xml version="1.0" encoding="UTF-8"?>
<include>
	<bubbles>
		<data type="17" row="17" col="2" cloud="0" path="" />
		<data type="16" row="27" col="6" cloud="0" path="" />
		<data type="18" row="7" col="6" cloud="0" path="" />
		<data type="19" row="27" col="5" cloud="0" path="" />
		<data type="19" row="32" col="7" cloud="0" path="" />
		<data type="19" row="2" col="0" cloud="0" path="" />
		<data type="19" row="22" col="4" cloud="0" path="" />
		<data type="19" row="23" col="3" cloud="0" path="" />
		<data type="19" row="30" col="9" cloud="0" path="" />
		<data type="19" row="22" col="9" cloud="0" path="" />
		<data type="19" row="22" col="2" cloud="0" path="" />
		<data type="9" row="31" col="7" cloud="0" path="" />
		<data type="19" row="0" col="10" cloud="0" path="" />
		<data type="19" row="12" col="4" cloud="0" path="" />
		<data type="19" row="19" col="1" cloud="0" path="" />
		<data type="19" row="14" col="9" cloud="0" path="" />
		<data type="19" row="13" col="6" cloud="0" path="" />
		<data type="19" row="24" col="8" cloud="0" path="" />
		<data type="19" row="30" col="10" cloud="0" path="" />
		<data type="9" row="23" col="2" cloud="0" path="" />
		<data type="10" row="13" col="0" cloud="0" path="" />
		<data type="19" row="14" col="6" cloud="0" path="" />
		<data type="19" row="13" col="3" cloud="0" path="" />
		<data type="19" row="22" col="0" cloud="0" path="" />
		<data type="19" row="5" col="6" cloud="0" path="" />
		<data type="19" row="10" col="7" cloud="0" path="" />
		<data type="19" row="0" col="4" cloud="0" path="" />
		<data type="19" row="31" col="6" cloud="0" path="" />
		<data type="19" row="0" col="5" cloud="0" path="" />
		<data type="19" row="10" col="6" cloud="0" path="" />
		<data type="19" row="12" col="3" cloud="0" path="" />
		<data type="9" row="13" col="5" cloud="0" path="" />
		<data type="19" row="11" col="6" cloud="0" path="" />
		<data type="9" row="13" col="4" cloud="0" path="" />
		<data type="19" row="14" col="4" cloud="0" path="" />
		<data type="19" row="32" col="1" cloud="0" path="" />
		<data type="19" row="12" col="8" cloud="0" path="" />
		<data type="9" row="1" col="3" cloud="0" path="" />
		<data type="19" row="27" col="7" cloud="0" path="" />
		<data type="10" row="1" col="9" cloud="0" path="" />
		<data type="19" row="2" col="10" cloud="0" path="" />
		<data type="19" row="2" col="2" cloud="0" path="" />
		<data type="1" row="25" col="6" cloud="0" path="" />
		<data type="19" row="22" col="3" cloud="0" path="" />
		<data type="19" row="24" col="5" cloud="0" path="" />
		<data type="19" row="30" col="5" cloud="0" path="" />
		<data type="2" row="2" col="7" cloud="0" path="" />
		<data type="10" row="31" col="9" cloud="0" path="" />
		<data type="1" row="3" col="5" cloud="0" path="" />
		<data type="19" row="2" col="8" cloud="0" path="" />
		<data type="9" row="1" col="6" cloud="0" path="" />
		<data type="19" row="24" col="6" cloud="0" path="" />
		<data type="19" row="32" col="0" cloud="0" path="" />
		<data type="19" row="14" col="7" cloud="0" path="" />
		<data type="19" row="30" col="0" cloud="0" path="" />
		<data type="9" row="23" col="4" cloud="0" path="" />
		<data type="19" row="14" col="0" cloud="0" path="" />
		<data type="19" row="0" col="3" cloud="0" path="" />
		<data type="0" row="4" col="7" cloud="0" path="" />
		<data type="19" row="16" col="2" cloud="0" path="" />
		<data type="9" row="1" col="7" cloud="0" path="" />
		<data type="19" row="0" col="9" cloud="0" path="" />
		<data type="0" row="2" col="6" cloud="0" path="" />
		<data type="19" row="17" col="1" cloud="0" path="" />
		<data type="19" row="6" col="8" cloud="0" path="" />
		<data type="19" row="12" col="5" cloud="0" path="" />
		<data type="19" row="19" col="2" cloud="0" path="" />
		<data type="19" row="14" col="1" cloud="0" path="" />
		<data type="19" row="8" col="7" cloud="0" path="" />
		<data type="19" row="12" col="2" cloud="0" path="" />
		<data type="9" row="31" col="5" cloud="0" path="" />
		<data type="19" row="2" col="3" cloud="0" path="" />
		<data type="10" row="23" col="0" cloud="0" path="" />
		<data type="19" row="24" col="0" cloud="0" path="" />
		<data type="19" row="24" col="2" cloud="0" path="" />
		<data type="19" row="24" col="10" cloud="0" path="" />
		<data type="19" row="22" col="1" cloud="0" path="" />
		<data type="19" row="5" col="5" cloud="0" path="" />
		<data type="19" row="24" col="9" cloud="0" path="" />
		<data type="19" row="30" col="3" cloud="0" path="" />
		<data type="9" row="23" col="7" cloud="0" path="" />
		<data type="19" row="0" col="2" cloud="0" path="" />
		<data type="19" row="24" col="1" cloud="0" path="" />
		<data type="9" row="13" col="8" cloud="0" path="" />
		<data type="19" row="19" col="3" cloud="0" path="" />
		<data type="19" row="30" col="6" cloud="0" path="" />
		<data type="19" row="30" col="8" cloud="0" path="" />
		<data type="19" row="22" col="10" cloud="0" path="" />
		<data type="19" row="32" col="2" cloud="0" path="" />
		<data type="19" row="18" col="1" cloud="0" path="" />
		<data type="19" row="22" col="7" cloud="0" path="" />
		<data type="9" row="1" col="4" cloud="0" path="" />
		<data type="19" row="30" col="7" cloud="0" path="" />
		<data type="19" row="28" col="6" cloud="0" path="" />
		<data type="19" row="9" col="5" cloud="0" path="" />
		<data type="19" row="32" col="5" cloud="0" path="" />
		<data type="0" row="32" col="10" cloud="0" path="" />
		<data type="19" row="12" col="0" cloud="0" path="" />
		<data type="19" row="14" col="2" cloud="0" path="" />
		<data type="19" row="22" col="6" cloud="0" path="" />
		<data type="19" row="0" col="1" cloud="0" path="" />
		<data type="19" row="0" col="0" cloud="0" path="" />
		<data type="19" row="6" col="7" cloud="0" path="" />
		<data type="19" row="7" col="8" cloud="0" path="" />
		<data type="19" row="12" col="10" cloud="0" path="" />
		<data type="19" row="29" col="6" cloud="0" path="" />
		<data type="9" row="31" col="1" cloud="0" path="" />
		<data type="19" row="23" col="6" cloud="0" path="" />
		<data type="19" row="7" col="4" cloud="0" path="" />
		<data type="19" row="12" col="1" cloud="0" path="" />
		<data type="19" row="22" col="5" cloud="0" path="" />
		<data type="10" row="23" col="9" cloud="0" path="" />
		<data type="19" row="31" col="3" cloud="0" path="" />
		<data type="19" row="21" col="2" cloud="0" path="" />
		<data type="19" row="9" col="7" cloud="0" path="" />
		<data type="19" row="24" col="4" cloud="0" path="" />
		<data type="19" row="14" col="10" cloud="0" path="" />
		<data type="10" row="13" col="9" cloud="0" path="" />
		<data type="10" row="31" col="0" cloud="0" path="" />
		<data type="0" row="32" col="8" cloud="0" path="" />
		<data type="19" row="15" col="2" cloud="0" path="" />
		<data type="9" row="23" col="5" cloud="0" path="" />
		<data type="9" row="13" col="1" cloud="0" path="" />
		<data type="19" row="32" col="6" cloud="0" path="" />
		<data type="9" row="1" col="1" cloud="0" path="" />
		<data type="19" row="18" col="4" cloud="0" path="" />
		<data type="19" row="32" col="3" cloud="0" path="" />
		<data type="1" row="26" col="6" cloud="0" path="" />
		<data type="19" row="30" col="4" cloud="0" path="" />
		<data type="19" row="24" col="7" cloud="0" path="" />
		<data type="0" row="32" col="9" cloud="0" path="" />
		<data type="19" row="24" col="3" cloud="0" path="" />
		<data type="19" row="17" col="3" cloud="0" path="" />
		<data type="19" row="8" col="8" cloud="0" path="" />
		<data type="9" row="23" col="1" cloud="0" path="" />
		<data type="19" row="12" col="6" cloud="0" path="" />
		<data type="19" row="2" col="1" cloud="0" path="" />
		<data type="19" row="22" col="8" cloud="0" path="" />
		<data type="19" row="20" col="2" cloud="0" path="" />
		<data type="9" row="31" col="2" cloud="0" path="" />
		<data type="19" row="2" col="5" cloud="0" path="" />
		<data type="2" row="4" col="6" cloud="0" path="" />
		<data type="19" row="14" col="5" cloud="0" path="" />
		<data type="19" row="14" col="8" cloud="0" path="" />
		<data type="19" row="0" col="7" cloud="0" path="" />
		<data type="19" row="12" col="7" cloud="0" path="" />
		<data type="19" row="2" col="4" cloud="0" path="" />
		<data type="9" row="31" col="4" cloud="0" path="" />
		<data type="9" row="13" col="2" cloud="0" path="" />
		<data type="19" row="9" col="6" cloud="0" path="" />
		<data type="19" row="0" col="8" cloud="0" path="" />
		<data type="19" row="0" col="6" cloud="0" path="" />
		<data type="3" row="3" col="6" cloud="0" path="" />
		<data type="19" row="5" col="7" cloud="0" path="" />
		<data type="9" row="31" col="8" cloud="0" path="" />
		<data type="10" row="1" col="0" cloud="0" path="" />
		<data type="19" row="14" col="3" cloud="0" path="" />
		<data type="19" row="20" col="3" cloud="0" path="" />
		<data type="19" row="32" col="4" cloud="0" path="" />
		<data type="19" row="30" col="1" cloud="0" path="" />
		<data type="1" row="3" col="7" cloud="0" path="" />
		<data type="19" row="28" col="7" cloud="0" path="" />
		<data type="19" row="2" col="9" cloud="0" path="" />
		<data type="9" row="1" col="8" cloud="0" path="" />
		<data type="1" row="26" col="7" cloud="0" path="" />
		<data type="9" row="13" col="7" cloud="0" path="" />
		<data type="19" row="30" col="2" cloud="0" path="" />
		<data type="19" row="16" col="3" cloud="0" path="" />
		<data type="9" row="1" col="5" cloud="0" path="" />
		<data type="9" row="1" col="2" cloud="0" path="" />
		<data type="19" row="12" col="9" cloud="0" path="" />
		<data type="9" row="23" col="8" cloud="0" path="" />
	</bubbles>
	<info bubbleNum="29" type="2" start1="25000" start2="75000" start3="150000" colors="1111000" />
</include>