<?xml version="1.0" encoding="UTF-8"?>
<include>
	<bubbles>
		<data type="13" row="5" col="2" cloud="0" path="" />
		<data type="13" row="20" col="5" cloud="0" path="" />
		<data type="13" row="34" col="5" cloud="0" path="" />
		<data type="19" row="7" col="5" cloud="8" path="" />
		<data type="2" row="21" col="7" cloud="0" path="" />
		<data type="1" row="35" col="7" cloud="0" path="" />
		<data type="19" row="4" col="3" cloud="0" path="" />
		<data type="0" row="37" col="3" cloud="0" path="" />
		<data type="3" row="33" col="2" cloud="0" path="" />
		<data type="3" row="33" col="3" cloud="0" path="" />
		<data type="0" row="35" col="2" cloud="0" path="" />
		<data type="19" row="19" col="8" cloud="8" path="" />
		<data type="2" row="32" col="8" cloud="0" path="" />
		<data type="0" row="36" col="2" cloud="0" path="" />
		<data type="19" row="2" col="7" cloud="0" path="" />
		<data type="19" row="21" col="6" cloud="8" path="" />
		<data type="19" row="16" col="7" cloud="8" path="" />
		<data type="19" row="19" col="7" cloud="8" path="" />
		<data type="19" row="23" col="7" cloud="8" path="" />
		<data type="19" row="8" col="6" cloud="0" path="" />
		<data type="19" row="3" col="7" cloud="8" path="" />
		<data type="19" row="21" col="3" cloud="8" path="" />
		<data type="0" row="23" col="4" cloud="0" path="" />
		<data type="19" row="8" col="4" cloud="0" path="" />
		<data type="1" row="21" col="2" cloud="0" path="" />
		<data type="19" row="19" col="6" cloud="8" path="" />
		<data type="19" row="4" col="9" cloud="0" path="" />
		<data type="19" row="3" col="5" cloud="8" path="" />
		<data type="19" row="8" col="5" cloud="0" path="" />
		<data type="19" row="8" col="0" cloud="0" path="" />
		<data type="19" row="17" col="2" cloud="8" path="" />
		<data type="19" row="19" col="3" cloud="8" path="" />
		<data type="19" row="6" col="3" cloud="0" path="" />
		<data type="19" row="5" col="8" cloud="0" path="" />
		<data type="19" row="7" col="8" cloud="8" path="" />
		<data type="19" row="23" col="2" cloud="8" path="" />
		<data type="19" row="5" col="9" cloud="0" path="" />
		<data type="19" row="19" col="2" cloud="8" path="" />
		<data type="0" row="23" col="5" cloud="0" path="" />
		<data type="19" row="5" col="7" cloud="0" path="" />
		<data type="2" row="32" col="6" cloud="0" path="" />
		<data type="19" row="5" col="5" cloud="0" path="" />
		<data type="19" row="3" col="4" cloud="8" path="" />
		<data type="19" row="2" col="6" cloud="0" path="" />
		<data type="19" row="19" col="1" cloud="8" path="" />
		<data type="19" row="3" col="3" cloud="8" path="" />
		<data type="1" row="37" col="6" cloud="0" path="" />
		<data type="3" row="31" col="2" cloud="0" path="" />
		<data type="19" row="5" col="6" cloud="0" path="" />
		<data type="19" row="5" col="4" cloud="0" path="" />
		<data type="19" row="7" col="7" cloud="8" path="" />
		<data type="3" row="31" col="3" cloud="0" path="" />
		<data type="19" row="3" col="0" cloud="8" path="" />
		<data type="19" row="8" col="1" cloud="0" path="" />
		<data type="0" row="35" col="3" cloud="0" path="" />
		<data type="19" row="16" col="3" cloud="8" path="" />
		<data type="19" row="3" col="1" cloud="8" path="" />
		<data type="19" row="8" col="3" cloud="0" path="" />
		<data type="2" row="20" col="8" cloud="0" path="" />
		<data type="2" row="31" col="6" cloud="0" path="" />
		<data type="19" row="5" col="0" cloud="0" path="" />
		<data type="0" row="22" col="6" cloud="0" path="" />
		<data type="1" row="36" col="6" cloud="0" path="" />
		<data type="19" row="22" col="7" cloud="8" path="" />
		<data type="19" row="6" col="9" cloud="0" path="" />
		<data type="19" row="8" col="7" cloud="0" path="" />
		<data type="19" row="7" col="4" cloud="8" path="" />
		<data type="19" row="17" col="3" cloud="8" path="" />
		<data type="0" row="22" col="4" cloud="0" path="" />
		<data type="19" row="3" col="8" cloud="8" path="" />
		<data type="0" row="37" col="2" cloud="0" path="" />
		<data type="19" row="17" col="7" cloud="8" path="" />
		<data type="1" row="35" col="6" cloud="0" path="" />
		<data type="19" row="3" col="2" cloud="8" path="" />
		<data type="1" row="36" col="8" cloud="0" path="" />
		<data type="19" row="22" col="3" cloud="8" path="" />
		<data type="19" row="2" col="4" cloud="0" path="" />
		<data type="3" row="32" col="2" cloud="0" path="" />
		<data type="2" row="33" col="6" cloud="0" path="" />
		<data type="19" row="7" col="3" cloud="8" path="" />
		<data type="19" row="18" col="8" cloud="8" path="" />
		<data type="19" row="8" col="2" cloud="0" path="" />
		<data type="19" row="17" col="6" cloud="8" path="" />
		<data type="1" row="20" col="2" cloud="0" path="" />
		<data type="1" row="37" col="7" cloud="0" path="" />
		<data type="19" row="2" col="2" cloud="0" path="" />
		<data type="19" row="7" col="2" cloud="8" path="" />
		<data type="19" row="18" col="6" cloud="8" path="" />
		<data type="2" row="31" col="7" cloud="0" path="" />
		<data type="19" row="2" col="3" cloud="0" path="" />
		<data type="3" row="32" col="4" cloud="0" path="" />
		<data type="0" row="36" col="4" cloud="0" path="" />
		<data type="19" row="8" col="8" cloud="0" path="" />
		<data type="19" row="18" col="5" cloud="8" path="" />
		<data type="19" row="7" col="1" cloud="8" path="" />
		<data type="2" row="33" col="7" cloud="0" path="" />
		<data type="19" row="18" col="4" cloud="8" path="" />
		<data type="19" row="7" col="0" cloud="8" path="" />
		<data type="19" row="2" col="8" cloud="0" path="" />
		<data type="19" row="7" col="6" cloud="8" path="" />
		<data type="19" row="2" col="0" cloud="0" path="" />
		<data type="19" row="18" col="2" cloud="8" path="" />
		<data type="19" row="2" col="5" cloud="0" path="" />
		<data type="19" row="3" col="6" cloud="8" path="" />
		<data type="19" row="2" col="1" cloud="0" path="" />
	</bubbles>
	<info bubbleNum="35" type="4" start1="4000" start2="55000" start3="79000" colors="1111000" />
</include>