<?xml version="1.0" encoding="UTF-8"?>
<include>
	<bubbles>
		<data type="13" row="58" col="5" cloud="0" path="" />
		<data type="13" row="40" col="5" cloud="0" path="" />
		<data type="13" row="24" col="4" cloud="0" path="" />
		<data type="13" row="4" col="8" cloud="0" path="" />
		<data type="19" row="30" col="0" cloud="0" path="" />
		<data type="10" row="29" col="7" cloud="0" path="" />
		<data type="19" row="26" col="5" cloud="8" path="" />
		<data type="28" row="11" col="7" cloud="0" path="" />
		<data type="19" row="9" col="1" cloud="8" path="" />
		<data type="19" row="55" col="5" cloud="0" path="" />
		<data type="19" row="55" col="1" cloud="0" path="" />
		<data type="19" row="7" col="3" cloud="8" path="" />
		<data type="19" row="3" col="4" cloud="0" path="" />
		<data type="28" row="23" col="2" cloud="0" path="" />
		<data type="26" row="38" col="4" cloud="0" path="" />
		<data type="21" row="41" col="2" cloud="0" path="" />
		<data type="28" row="6" col="8" cloud="0" path="" />
		<data type="19" row="44" col="6" cloud="0" path="" />
		<data type="21" row="42" col="3" cloud="0" path="" />
		<data type="19" row="23" col="8" cloud="8" path="" />
		<data type="19" row="43" col="5" cloud="8" path="" />
		<data type="19" row="24" col="1" cloud="0" path="" />
		<data type="19" row="10" col="7" cloud="8" path="" />
		<data type="19" row="63" col="8" cloud="0" path="" />
		<data type="19" row="59" col="7" cloud="0" path="" />
		<data type="19" row="8" col="9" cloud="8" path="" />
		<data type="19" row="23" col="6" cloud="8" path="" />
		<data type="10" row="28" col="9" cloud="0" path="" />
		<data type="19" row="55" col="3" cloud="0" path="" />
		<data type="19" row="29" col="9" cloud="8" path="" />
		<data type="19" row="30" col="10" cloud="0" path="" />
		<data type="28" row="27" col="6" cloud="0" path="" />
		<data type="19" row="4" col="3" cloud="0" path="" />
		<data type="19" row="28" col="6" cloud="0" path="" />
		<data type="26" row="9" col="8" cloud="0" path="" />
		<data type="19" row="8" col="8" cloud="0" path="" />
		<data type="19" row="8" col="7" cloud="8" path="" />
		<data type="19" row="8" col="6" cloud="8" path="" />
		<data type="28" row="41" col="3" cloud="0" path="" />
		<data type="28" row="9" col="2" cloud="0" path="" />
		<data type="10" row="26" col="9" cloud="0" path="" />
		<data type="28" row="7" col="2" cloud="0" path="" />
		<data type="19" row="62" col="2" cloud="0" path="" />
		<data type="19" row="29" col="2" cloud="0" path="" />
		<data type="19" row="63" col="1" cloud="0" path="" />
		<data type="28" row="41" col="6" cloud="0" path="" />
		<data type="28" row="46" col="5" cloud="0" path="" />
		<data type="19" row="3" col="6" cloud="0" path="" />
		<data type="19" row="25" col="9" cloud="8" path="" />
		<data type="10" row="30" col="9" cloud="0" path="" />
		<data type="28" row="44" col="5" cloud="0" path="" />
		<data type="28" row="5" col="3" cloud="0" path="" />
		<data type="19" row="47" col="5" cloud="0" path="" />
		<data type="19" row="56" col="4" cloud="0" path="" />
		<data type="19" row="23" col="9" cloud="8" path="" />
		<data type="19" row="5" col="5" cloud="0" path="" />
		<data type="19" row="54" col="4" cloud="0" path="" />
		<data type="28" row="11" col="3" cloud="0" path="" />
		<data type="19" row="2" col="6" cloud="8" path="" />
		<data type="19" row="6" col="4" cloud="0" path="" />
		<data type="19" row="12" col="3" cloud="0" path="" />
		<data type="19" row="7" col="1" cloud="8" path="" />
		<data type="19" row="46" col="6" cloud="8" path="" />
		<data type="19" row="31" col="1" cloud="0" path="" />
		<data type="21" row="45" col="5" cloud="0" path="" />
		<data type="19" row="23" col="0" cloud="0" path="" />
		<data type="9" row="24" col="7" cloud="0" path="" />
		<data type="19" row="11" col="6" cloud="0" path="" />
		<data type="28" row="38" col="5" cloud="0" path="" />
		<data type="10" row="62" col="3" cloud="0" path="" />
		<data type="21" row="41" col="7" cloud="0" path="" />
		<data type="19" row="26" col="6" cloud="8" path="" />
		<data type="28" row="23" col="7" cloud="0" path="" />
		<data type="19" row="61" col="1" cloud="0" path="" />
		<data type="19" row="10" col="4" cloud="0" path="" />
		<data type="19" row="24" col="2" cloud="0" path="" />
		<data type="19" row="60" col="2" cloud="0" path="" />
		<data type="19" row="9" col="5" cloud="8" path="" />
		<data type="19" row="58" col="3" cloud="0" path="" />
		<data type="26" row="6" col="9" cloud="0" path="" />
		<data type="19" row="62" col="4" cloud="0" path="" />
		<data type="19" row="57" col="7" cloud="0" path="" />
		<data type="19" row="58" col="2" cloud="0" path="" />
		<data type="19" row="62" col="9" cloud="0" path="" />
		<data type="27" row="4" col="5" cloud="0" path="" />
		<data type="19" row="12" col="8" cloud="0" path="" />
		<data type="7" row="4" col="10" cloud="0" path="" />
		<data type="21" row="45" col="4" cloud="0" path="" />
		<data type="19" row="59" col="3" cloud="0" path="" />
		<data type="19" row="42" col="6" cloud="0" path="" />
		<data type="10" row="25" col="7" cloud="0" path="" />
		<data type="19" row="25" col="0" cloud="0" path="" />
		<data type="19" row="11" col="5" cloud="8" path="" />
		<data type="19" row="47" col="4" cloud="8" path="" />
		<data type="19" row="2" col="7" cloud="8" path="" />
		<data type="19" row="40" col="7" cloud="0" path="" />
		<data type="19" row="60" col="8" cloud="0" path="" />
		<data type="19" row="61" col="3" cloud="0" path="" />
		<data type="26" row="8" col="1" cloud="0" path="" />
		<data type="19" row="54" col="6" cloud="0" path="" />
		<data type="19" row="10" col="2" cloud="0" path="" />
		<data type="19" row="11" col="2" cloud="8" path="" />
		<data type="19" row="30" col="7" cloud="0" path="" />
		<data type="19" row="2" col="8" cloud="0" path="" />
		<data type="28" row="5" col="6" cloud="0" path="" />
		<data type="19" row="54" col="7" cloud="0" path="" />
		<data type="19" row="56" col="3" cloud="0" path="" />
		<data type="28" row="39" col="6" cloud="0" path="" />
		<data type="19" row="61" col="5" cloud="0" path="" />
		<data type="19" row="56" col="5" cloud="0" path="" />
		<data type="19" row="59" col="1" cloud="0" path="" />
		<data type="19" row="12" col="5" cloud="0" path="" />
		<data type="19" row="31" col="8" cloud="0" path="" />
		<data type="19" row="61" col="8" cloud="0" path="" />
		<data type="26" row="38" col="6" cloud="0" path="" />
		<data type="19" row="28" col="1" cloud="0" path="" />
		<data type="19" row="9" col="3" cloud="8" path="" />
		<data type="19" row="56" col="2" cloud="0" path="" />
		<data type="26" row="42" col="5" cloud="0" path="" />
		<data type="19" row="27" col="0" cloud="0" path="" />
		<data type="19" row="27" col="9" cloud="8" path="" />
		<data type="9" row="28" col="7" cloud="0" path="" />
		<data type="19" row="63" col="7" cloud="0" path="" />
		<data type="19" row="10" col="9" cloud="0" path="" />
		<data type="19" row="31" col="2" cloud="0" path="" />
		<data type="19" row="28" col="3" cloud="0" path="" />
		<data type="19" row="3" col="5" cloud="8" path="" />
		<data type="19" row="55" col="8" cloud="0" path="" />
		<data type="19" row="11" col="8" cloud="8" path="" />
		<data type="19" row="31" col="3" cloud="0" path="" />
		<data type="10" row="24" col="9" cloud="0" path="" />
		<data type="19" row="57" col="6" cloud="0" path="" />
		<data type="21" row="42" col="7" cloud="0" path="" />
		<data type="19" row="5" col="2" cloud="8" path="" />
		<data type="19" row="40" col="3" cloud="0" path="" />
		<data type="10" row="55" col="2" cloud="0" path="" />
		<data type="19" row="2" col="5" cloud="8" path="" />
		<data type="19" row="44" col="4" cloud="8" path="" />
		<data type="10" row="55" col="7" cloud="0" path="" />
		<data type="9" row="26" col="7" cloud="0" path="" />
		<data type="28" row="27" col="7" cloud="0" path="" />
		<data type="19" row="60" col="6" cloud="0" path="" />
		<data type="19" row="12" col="4" cloud="8" path="" />
		<data type="28" row="39" col="3" cloud="0" path="" />
		<data type="19" row="54" col="3" cloud="0" path="" />
		<data type="10" row="62" col="8" cloud="0" path="" />
		<data type="19" row="29" col="6" cloud="8" path="" />
		<data type="19" row="60" col="4" cloud="0" path="" />
		<data type="19" row="54" col="1" cloud="0" path="" />
		<data type="19" row="57" col="3" cloud="0" path="" />
		<data type="19" row="62" col="6" cloud="0" path="" />
		<data type="19" row="12" col="6" cloud="8" path="" />
		<data type="28" row="26" col="4" cloud="0" path="" />
		<data type="19" row="31" col="9" cloud="8" path="" />
		<data type="19" row="56" col="6" cloud="0" path="" />
		<data type="19" row="59" col="6" cloud="0" path="" />
		<data type="19" row="5" col="4" cloud="8" path="" />
		<data type="19" row="63" col="2" cloud="0" path="" />
		<data type="19" row="46" col="4" cloud="0" path="" />
		<data type="19" row="3" col="3" cloud="8" path="" />
		<data type="26" row="6" col="7" cloud="0" path="" />
		<data type="7" row="2" col="10" cloud="0" path="" />
		<data type="19" row="6" col="2" cloud="0" path="" />
		<data type="19" row="63" col="6" cloud="0" path="" />
		<data type="19" row="56" col="8" cloud="0" path="" />
		<data type="19" row="2" col="4" cloud="8" path="" />
		<data type="19" row="60" col="5" cloud="0" path="" />
		<data type="19" row="58" col="7" cloud="0" path="" />
		<data type="19" row="57" col="1" cloud="0" path="" />
		<data type="19" row="31" col="7" cloud="8" path="" />
		<data type="19" row="26" col="3" cloud="0" path="" />
		<data type="19" row="54" col="8" cloud="0" path="" />
		<data type="19" row="54" col="2" cloud="0" path="" />
		<data type="19" row="9" col="6" cloud="0" path="" />
		<data type="19" row="23" col="1" cloud="0" path="" />
		<data type="19" row="30" col="3" cloud="0" path="" />
		<data type="28" row="25" col="2" cloud="0" path="" />
		<data type="19" row="12" col="7" cloud="8" path="" />
		<data type="19" row="54" col="9" cloud="0" path="" />
		<data type="28" row="25" col="5" cloud="0" path="" />
		<data type="19" row="29" col="0" cloud="0" path="" />
		<data type="19" row="63" col="3" cloud="0" path="" />
		<data type="19" row="9" col="9" cloud="8" path="" />
		<data type="19" row="42" col="4" cloud="8" path="" />
		<data type="19" row="43" col="4" cloud="0" path="" />
		<data type="7" row="2" col="9" cloud="0" path="" />
		<data type="26" row="8" col="3" cloud="0" path="" />
		<data type="19" row="63" col="9" cloud="0" path="" />
		<data type="28" row="5" col="9" cloud="0" path="" />
		<data type="19" row="11" col="4" cloud="8" path="" />
		<data type="27" row="27" col="2" cloud="0" path="" />
		<data type="19" row="26" col="1" cloud="0" path="" />
		<data type="19" row="27" col="5" cloud="8" path="" />
		<data type="7" row="3" col="9" cloud="0" path="" />
		<data type="19" row="31" col="0" cloud="0" path="" />
		<data type="19" row="63" col="4" cloud="0" path="" />
	</bubbles>
	<info bubbleNum="18" type="4" start1="15000" start2="109000" start3="170000" colors="1111000" />
</include>