<?xml version="1.0" encoding="UTF-8"?>
<include>
	<bubbles>
		<data type="19" row="10" col="5" cloud="0" path="" />
		<data type="19" row="9" col="5" cloud="8" path="" />
		<data type="19" row="12" col="0" cloud="0" path="" />
		<data type="19" row="4" col="5" cloud="0" path="" />
		<data type="10" row="16" col="5" cloud="0" path="" />
		<data type="19" row="3" col="8" cloud="0" path="" />
		<data type="19" row="0" col="0" cloud="0" path="" />
		<data type="19" row="4" col="3" cloud="0" path="" />
		<data type="19" row="0" col="3" cloud="8" path="" />
		<data type="19" row="19" col="5" cloud="8" path="" />
		<data type="19" row="18" col="9" cloud="0" path="" />
		<data type="19" row="18" col="7" cloud="0" path="" />
		<data type="19" row="18" col="5" cloud="0" path="" />
		<data type="10" row="9" col="1" cloud="0" path="" />
		<data type="19" row="5" col="4" cloud="0" path="" />
		<data type="19" row="12" col="6" cloud="0" path="" />
		<data type="19" row="13" col="6" cloud="0" path="" />
		<data type="9" row="1" col="6" cloud="0" path="" />
		<data type="19" row="19" col="8" cloud="0" path="" />
		<data type="19" row="14" col="5" cloud="0" path="" />
		<data type="19" row="7" col="6" cloud="8" path="" />
		<data type="19" row="8" col="2" cloud="0" path="" />
		<data type="19" row="3" col="6" cloud="8" path="" />
		<data type="19" row="14" col="7" cloud="0" path="" />
		<data type="19" row="1" col="3" cloud="8" path="" />
		<data type="19" row="4" col="7" cloud="0" path="" />
		<data type="19" row="7" col="2" cloud="0" path="" />
		<data type="9" row="13" col="1" cloud="0" path="" />
		<data type="9" row="6" col="8" cloud="0" path="" />
		<data type="19" row="15" col="5" cloud="8" path="" />
		<data type="19" row="5" col="9" cloud="0" path="" />
		<data type="19" row="18" col="3" cloud="0" path="" />
		<data type="19" row="12" col="2" cloud="0" path="" />
		<data type="9" row="1" col="2" cloud="0" path="" />
		<data type="19" row="0" col="10" cloud="0" path="" />
		<data type="19" row="7" col="8" cloud="0" path="" />
		<data type="19" row="7" col="4" cloud="8" path="" />
		<data type="28" row="1" col="4" cloud="0" path="" />
		<data type="19" row="1" col="7" cloud="0" path="" />
		<data type="9" row="6" col="4" cloud="0" path="" />
		<data type="28" row="0" col="4" cloud="0" path="" />
		<data type="19" row="8" col="6" cloud="0" path="" />
		<data type="19" row="9" col="3" cloud="8" path="" />
		<data type="28" row="14" col="4" cloud="0" path="" />
		<data type="19" row="0" col="9" cloud="8" path="" />
		<data type="19" row="15" col="1" cloud="0" path="" />
		<data type="28" row="7" col="5" cloud="0" path="" />
		<data type="19" row="2" col="6" cloud="0" path="" />
		<data type="19" row="15" col="3" cloud="8" path="" />
		<data type="10" row="16" col="2" cloud="0" path="" />
		<data type="19" row="11" col="2" cloud="8" path="" />
		<data type="28" row="8" col="5" cloud="0" path="" />
		<data type="19" row="13" col="4" cloud="8" path="" />
		<data type="19" row="19" col="3" cloud="0" path="" />
		<data type="19" row="6" col="5" cloud="0" path="" />
		<data type="28" row="3" col="5" cloud="0" path="" />
		<data type="19" row="17" col="4" cloud="8" path="" />
		<data type="19" row="10" col="3" cloud="0" path="" />
		<data type="28" row="17" col="5" cloud="0" path="" />
		<data type="19" row="13" col="2" cloud="8" path="" />
		<data type="19" row="0" col="1" cloud="8" path="" />
		<data type="21" row="6" col="6" cloud="0" path="" />
		<data type="19" row="5" col="3" cloud="0" path="" />
		<data type="19" row="0" col="6" cloud="0" path="" />
		<data type="19" row="11" col="6" cloud="0" path="" />
		<data type="19" row="6" col="7" cloud="0" path="" />
		<data type="28" row="11" col="3" cloud="0" path="" />
		<data type="19" row="13" col="0" cloud="0" path="" />
		<data type="19" row="0" col="5" cloud="8" path="" />
		<data type="19" row="0" col="7" cloud="8" path="" />
		<data type="19" row="6" col="3" cloud="0" path="" />
		<data type="19" row="12" col="5" cloud="0" path="" />
		<data type="19" row="8" col="8" cloud="0" path="" />
		<data type="19" row="19" col="7" cloud="8" path="" />
		<data type="19" row="15" col="7" cloud="0" path="" />
		<data type="28" row="18" col="6" cloud="0" path="" />
		<data type="19" row="19" col="9" cloud="0" path="" />
		<data type="19" row="17" col="2" cloud="0" path="" />
		<data type="9" row="13" col="5" cloud="0" path="" />
		<data type="28" row="4" col="6" cloud="0" path="" />
		<data type="19" row="5" col="5" cloud="8" path="" />
		<data type="10" row="9" col="4" cloud="0" path="" />
		<data type="19" row="5" col="8" cloud="0" path="" />
		<data type="9" row="2" col="5" cloud="0" path="" />
		<data type="19" row="3" col="4" cloud="8" path="" />
		<data type="19" row="11" col="4" cloud="8" path="" />
		<data type="19" row="8" col="4" cloud="0" path="" />
		<data type="28" row="10" col="4" cloud="0" path="" />
		<data type="21" row="5" col="6" cloud="0" path="" />
		<data type="19" row="17" col="8" cloud="0" path="" />
		<data type="19" row="17" col="6" cloud="8" path="" />
		<data type="19" row="0" col="2" cloud="0" path="" />
		<data type="19" row="11" col="0" cloud="0" path="" />
		<data type="19" row="2" col="2" cloud="0" path="" />
		<data type="21" row="19" col="6" cloud="0" path="" />
		<data type="19" row="16" col="6" cloud="0" path="" />
		<data type="19" row="1" col="1" cloud="0" path="" />
		<data type="19" row="9" col="7" cloud="0" path="" />
		<data type="19" row="12" col="1" cloud="0" path="" />
		<data type="21" row="12" col="3" cloud="0" path="" />
		<data type="19" row="3" col="2" cloud="0" path="" />
		<data type="19" row="10" col="7" cloud="0" path="" />
		<data type="19" row="0" col="8" cloud="0" path="" />
		<data type="19" row="6" col="9" cloud="0" path="" />
		<data type="19" row="1" col="5" cloud="8" path="" />
		<data type="21" row="13" col="3" cloud="0" path="" />
		<data type="19" row="5" col="7" cloud="8" path="" />
		<data type="19" row="16" col="4" cloud="0" path="" />
		<data type="10" row="16" col="8" cloud="0" path="" />
		<data type="28" row="15" col="4" cloud="0" path="" />
		<data type="19" row="19" col="4" cloud="0" path="" />
		<data type="19" row="14" col="3" cloud="0" path="" />
		<data type="19" row="10" col="1" cloud="0" path="" />
		<data type="19" row="4" col="9" cloud="0" path="" />
		<data type="19" row="2" col="8" cloud="0" path="" />
		<data type="19" row="14" col="1" cloud="0" path="" />
		<data type="19" row="2" col="4" cloud="0" path="" />
		<data type="19" row="12" col="4" cloud="0" path="" />
	</bubbles>
	<info bubbleNum="21" type="1" start1="5000" start2="45000" start3="75000" colors="1110000" />
</include>