<?xml version="1.0" encoding="UTF-8"?>
<include>
	<bubbles>
		<data type="13" row="52" col="5" cloud="0" path="" />
		<data type="13" row="38" col="5" cloud="0" path="" />
		<data type="13" row="22" col="5" cloud="0" path="" />
		<data type="13" row="4" col="5" cloud="0" path="" />
		<data type="19" row="4" col="2" cloud="8" path="" />
		<data type="1" row="39" col="6" cloud="0" path="" />
		<data type="19" row="8" col="5" cloud="8" path="" />
		<data type="19" row="1" col="3" cloud="8" path="" />
		<data type="19" row="26" col="3" cloud="0" path="" />
		<data type="19" row="6" col="2" cloud="8" path="" />
		<data type="1" row="39" col="7" cloud="0" path="" />
		<data type="19" row="37" col="3" cloud="0" path="" />
		<data type="19" row="7" col="5" cloud="0" path="" />
		<data type="19" row="50" col="5" cloud="0" path="" />
		<data type="19" row="26" col="6" cloud="0" path="" />
		<data type="19" row="24" col="4" cloud="8" path="" />
		<data type="19" row="4" col="1" cloud="8" path="" />
		<data type="19" row="18" col="5" cloud="0" path="" />
		<data type="19" row="5" col="3" cloud="8" path="" />
		<data type="19" row="22" col="2" cloud="8" path="" />
		<data type="19" row="20" col="6" cloud="8" path="" />
		<data type="19" row="0" col="3" cloud="8" path="" />
		<data type="19" row="25" col="2" cloud="0" path="" />
		<data type="0" row="39" col="2" cloud="0" path="" />
		<data type="0" row="54" col="4" cloud="0" path="" />
		<data type="19" row="3" col="3" cloud="8" path="" />
		<data type="19" row="7" col="3" cloud="8" path="" />
		<data type="19" row="41" col="5" cloud="0" path="" />
		<data type="19" row="38" col="7" cloud="8" path="" />
		<data type="19" row="18" col="3" cloud="0" path="" />
		<data type="19" row="25" col="6" cloud="8" path="" />
		<data type="19" row="21" col="1" cloud="0" path="" />
		<data type="19" row="21" col="8" cloud="0" path="" />
		<data type="19" row="23" col="8" cloud="0" path="" />
		<data type="19" row="18" col="6" cloud="0" path="" />
		<data type="19" row="24" col="2" cloud="0" path="" />
		<data type="19" row="7" col="6" cloud="8" path="" />
		<data type="19" row="51" col="3" cloud="0" path="" />
		<data type="19" row="35" col="3" cloud="0" path="" />
		<data type="19" row="8" col="3" cloud="8" path="" />
		<data type="19" row="36" col="5" cloud="0" path="" />
		<data type="19" row="19" col="3" cloud="8" path="" />
		<data type="19" row="19" col="2" cloud="0" path="" />
		<data type="19" row="20" col="2" cloud="0" path="" />
		<data type="0" row="54" col="6" cloud="0" path="" />
		<data type="19" row="22" col="7" cloud="8" path="" />
		<data type="19" row="6" col="4" cloud="8" path="" />
		<data type="19" row="6" col="6" cloud="8" path="" />
		<data type="1" row="24" col="7" cloud="0" path="" />
		<data type="19" row="25" col="7" cloud="0" path="" />
		<data type="19" row="38" col="8" cloud="0" path="" />
		<data type="19" row="24" col="6" cloud="8" path="" />
		<data type="19" row="26" col="5" cloud="0" path="" />
		<data type="19" row="4" col="7" cloud="8" path="" />
		<data type="19" row="25" col="3" cloud="8" path="" />
		<data type="0" row="39" col="3" cloud="0" path="" />
		<data type="19" row="20" col="3" cloud="0" path="" />
		<data type="19" row="18" col="7" cloud="0" path="" />
		<data type="19" row="8" col="7" cloud="8" path="" />
		<data type="19" row="22" col="9" cloud="0" path="" />
		<data type="19" row="19" col="6" cloud="8" path="" />
		<data type="19" row="35" col="4" cloud="0" path="" />
		<data type="1" row="23" col="7" cloud="0" path="" />
		<data type="0" row="54" col="5" cloud="0" path="" />
		<data type="19" row="53" col="6" cloud="0" path="" />
		<data type="0" row="23" col="3" cloud="0" path="" />
		<data type="0" row="24" col="3" cloud="0" path="" />
		<data type="19" row="6" col="5" cloud="8" path="" />
		<data type="19" row="35" col="5" cloud="0" path="" />
		<data type="2" row="25" col="4" cloud="0" path="" />
		<data type="19" row="8" col="6" cloud="0" path="" />
		<data type="19" row="2" col="5" cloud="8" path="" />
		<data type="19" row="6" col="7" cloud="0" path="" />
		<data type="19" row="26" col="4" cloud="0" path="" />
		<data type="19" row="23" col="1" cloud="0" path="" />
		<data type="1" row="23" col="6" cloud="0" path="" />
		<data type="0" row="6" col="3" cloud="0" path="" />
		<data type="19" row="22" col="1" cloud="0" path="" />
		<data type="19" row="3" col="1" cloud="0" path="" />
		<data type="19" row="4" col="8" cloud="8" path="" />
		<data type="19" row="50" col="6" cloud="0" path="" />
		<data type="19" row="5" col="6" cloud="8" path="" />
		<data type="19" row="6" col="8" cloud="8" path="" />
		<data type="19" row="52" col="3" cloud="0" path="" />
		<data type="19" row="21" col="3" cloud="0" path="" />
		<data type="19" row="22" col="3" cloud="8" path="" />
		<data type="19" row="38" col="3" cloud="8" path="" />
		<data type="19" row="20" col="8" cloud="0" path="" />
		<data type="19" row="37" col="6" cloud="0" path="" />
		<data type="19" row="22" col="8" cloud="8" path="" />
		<data type="1" row="5" col="8" cloud="0" path="" />
		<data type="19" row="7" col="4" cloud="0" path="" />
		<data type="19" row="36" col="6" cloud="8" path="" />
		<data type="19" row="1" col="4" cloud="0" path="" />
		<data type="19" row="19" col="4" cloud="0" path="" />
		<data type="19" row="3" col="7" cloud="0" path="" />
		<data type="19" row="3" col="2" cloud="0" path="" />
		<data type="19" row="37" col="7" cloud="0" path="" />
		<data type="0" row="23" col="2" cloud="0" path="" />
		<data type="1" row="5" col="7" cloud="0" path="" />
		<data type="19" row="3" col="8" cloud="0" path="" />
		<data type="19" row="2" col="2" cloud="8" path="" />
		<data type="19" row="2" col="4" cloud="8" path="" />
		<data type="19" row="52" col="7" cloud="0" path="" />
		<data type="19" row="26" col="7" cloud="0" path="" />
		<data type="19" row="2" col="8" cloud="8" path="" />
		<data type="19" row="2" col="6" cloud="8" path="" />
		<data type="19" row="4" col="3" cloud="8" path="" />
		<data type="19" row="18" col="4" cloud="0" path="" />
		<data type="19" row="20" col="5" cloud="0" path="" />
		<data type="19" row="2" col="3" cloud="0" path="" />
		<data type="19" row="1" col="5" cloud="0" path="" />
		<data type="19" row="41" col="3" cloud="0" path="" />
		<data type="19" row="2" col="7" cloud="0" path="" />
		<data type="0" row="40" col="3" cloud="0" path="" />
		<data type="0" row="7" col="2" cloud="0" path="" />
		<data type="19" row="21" col="6" cloud="0" path="" />
		<data type="19" row="0" col="6" cloud="0" path="" />
		<data type="19" row="19" col="5" cloud="0" path="" />
		<data type="19" row="20" col="4" cloud="8" path="" />
		<data type="19" row="0" col="5" cloud="8" path="" />
		<data type="19" row="0" col="7" cloud="8" path="" />
		<data type="19" row="1" col="2" cloud="0" path="" />
		<data type="19" row="36" col="3" cloud="0" path="" />
		<data type="19" row="36" col="7" cloud="0" path="" />
		<data type="19" row="35" col="6" cloud="0" path="" />
		<data type="19" row="41" col="6" cloud="0" path="" />
		<data type="19" row="3" col="6" cloud="8" path="" />
		<data type="19" row="4" col="9" cloud="8" path="" />
		<data type="19" row="0" col="4" cloud="0" path="" />
		<data type="19" row="21" col="7" cloud="0" path="" />
		<data type="19" row="7" col="7" cloud="0" path="" />
		<data type="19" row="38" col="2" cloud="0" path="" />
		<data type="19" row="51" col="6" cloud="0" path="" />
		<data type="19" row="40" col="5" cloud="0" path="" />
		<data type="19" row="41" col="4" cloud="0" path="" />
		<data type="19" row="24" col="8" cloud="0" path="" />
		<data type="1" row="40" col="7" cloud="0" path="" />
		<data type="2" row="24" col="5" cloud="0" path="" />
		<data type="19" row="5" col="2" cloud="0" path="" />
		<data type="19" row="5" col="1" cloud="0" path="" />
		<data type="19" row="53" col="3" cloud="0" path="" />
		<data type="19" row="40" col="6" cloud="8" path="" />
		<data type="19" row="20" col="7" cloud="0" path="" />
		<data type="2" row="25" col="5" cloud="0" path="" />
		<data type="19" row="21" col="2" cloud="0" path="" />
		<data type="19" row="50" col="4" cloud="0" path="" />
		<data type="19" row="19" col="7" cloud="0" path="" />
		<data type="19" row="36" col="4" cloud="8" path="" />
		<data type="19" row="8" col="4" cloud="0" path="" />
		<data type="19" row="40" col="4" cloud="8" path="" />
		<data type="19" row="1" col="6" cloud="8" path="" />
		<data type="19" row="1" col="7" cloud="0" path="" />
		<data type="19" row="37" col="2" cloud="0" path="" />
	</bubbles>
	<info bubbleNum="20" type="4" start1="8000" start2="125000" start3="179000" colors="1110000" />
</include>