<?xml version="1.0" encoding="UTF-8"?>
<include>
	<bubbles>
		<data type="16" row="1" col="1" cloud="0" path="" />
		<data type="16" row="1" col="4" cloud="0" path="" />
		<data type="16" row="1" col="7" cloud="0" path="" />
		<data type="16" row="4" col="3" cloud="0" path="" />
		<data type="16" row="4" col="6" cloud="0" path="" />
		<data type="16" row="4" col="9" cloud="0" path="" />
		<data type="16" row="7" col="1" cloud="0" path="" />
		<data type="16" row="7" col="4" cloud="0" path="" />
		<data type="16" row="7" col="7" cloud="0" path="" />
		<data type="16" row="10" col="3" cloud="0" path="" />
		<data type="16" row="10" col="6" cloud="0" path="" />
		<data type="16" row="10" col="9" cloud="0" path="" />
		<data type="16" row="13" col="7" cloud="0" path="" />
		<data type="16" row="13" col="4" cloud="0" path="" />
		<data type="16" row="13" col="1" cloud="0" path="" />
		<data type="3" row="7" col="5" cloud="0" path="" />
		<data type="3" row="2" col="1" cloud="0" path="" />
		<data type="0" row="9" col="2" cloud="0" path="" />
		<data type="3" row="13" col="6" cloud="0" path="" />
		<data type="3" row="6" col="5" cloud="0" path="" />
		<data type="2" row="12" col="5" cloud="0" path="" />
		<data type="2" row="2" col="4" cloud="0" path="" />
		<data type="2" row="14" col="5" cloud="0" path="" />
		<data type="2" row="3" col="8" cloud="0" path="" />
		<data type="3" row="1" col="0" cloud="0" path="" />
		<data type="0" row="4" col="2" cloud="0" path="" />
		<data type="2" row="13" col="3" cloud="0" path="" />
		<data type="1" row="3" col="6" cloud="0" path="" />
		<data type="2" row="1" col="3" cloud="0" path="" />
		<data type="1" row="14" col="1" cloud="0" path="" />
		<data type="1" row="10" col="5" cloud="0" path="" />
		<data type="2" row="5" col="9" cloud="0" path="" />
		<data type="1" row="4" col="7" cloud="0" path="" />
		<data type="0" row="11" col="3" cloud="0" path="" />
		<data type="1" row="9" col="5" cloud="0" path="" />
		<data type="1" row="4" col="5" cloud="0" path="" />
		<data type="0" row="9" col="3" cloud="0" path="" />
		<data type="1" row="3" col="5" cloud="0" path="" />
		<data type="0" row="8" col="8" cloud="0" path="" />
		<data type="2" row="3" col="9" cloud="0" path="" />
		<data type="0" row="10" col="4" cloud="0" path="" />
		<data type="1" row="5" col="5" cloud="0" path="" />
		<data type="0" row="0" col="8" cloud="0" path="" />
		<data type="3" row="8" col="5" cloud="0" path="" />
		<data type="1" row="8" col="1" cloud="0" path="" />
		<data type="0" row="1" col="6" cloud="0" path="" />
		<data type="2" row="2" col="5" cloud="0" path="" />
		<data type="3" row="7" col="3" cloud="0" path="" />
		<data type="3" row="13" col="8" cloud="0" path="" />
		<data type="3" row="1" col="2" cloud="0" path="" />
		<data type="2" row="4" col="8" cloud="0" path="" />
		<data type="3" row="8" col="4" cloud="0" path="" />
		<data type="2" row="11" col="9" cloud="0" path="" />
		<data type="2" row="0" col="5" cloud="0" path="" />
		<data type="2" row="10" col="8" cloud="0" path="" />
		<data type="2" row="1" col="5" cloud="0" path="" />
		<data type="3" row="0" col="1" cloud="0" path="" />
		<data type="1" row="12" col="1" cloud="0" path="" />
		<data type="2" row="13" col="5" cloud="0" path="" />
		<data type="0" row="10" col="2" cloud="0" path="" />
		<data type="3" row="12" col="8" cloud="0" path="" />
		<data type="1" row="11" col="5" cloud="0" path="" />
		<data type="3" row="12" col="7" cloud="0" path="" />
		<data type="1" row="9" col="6" cloud="0" path="" />
		<data type="3" row="14" col="7" cloud="0" path="" />
		<data type="0" row="4" col="4" cloud="0" path="" />
		<data type="0" row="2" col="7" cloud="0" path="" />
		<data type="0" row="0" col="7" cloud="0" path="" />
		<data type="0" row="3" col="3" cloud="0" path="" />
		<data type="1" row="14" col="2" cloud="0" path="" />
		<data type="0" row="5" col="3" cloud="0" path="" />
		<data type="1" row="7" col="0" cloud="0" path="" />
		<data type="0" row="6" col="8" cloud="0" path="" />
		<data type="0" row="8" col="7" cloud="0" path="" />
		<data type="1" row="10" col="7" cloud="0" path="" />
		<data type="0" row="2" col="8" cloud="0" path="" />
		<data type="3" row="6" col="4" cloud="0" path="" />
		<data type="3" row="0" col="2" cloud="0" path="" />
		<data type="0" row="7" col="6" cloud="0" path="" />
		<data type="3" row="2" col="2" cloud="0" path="" />
		<data type="1" row="12" col="2" cloud="0" path="" />
		<data type="1" row="5" col="6" cloud="0" path="" />
		<data type="1" row="13" col="2" cloud="0" path="" />
		<data type="0" row="3" col="2" cloud="0" path="" />
		<data type="2" row="12" col="4" cloud="0" path="" />
		<data type="3" row="14" col="8" cloud="0" path="" />
		<data type="0" row="5" col="2" cloud="0" path="" />
		<data type="2" row="14" col="4" cloud="0" path="" />
		<data type="0" row="7" col="8" cloud="0" path="" />
		<data type="2" row="9" col="8" cloud="0" path="" />
		<data type="1" row="11" col="6" cloud="0" path="" />
		<data type="1" row="6" col="2" cloud="0" path="" />
		<data type="2" row="9" col="9" cloud="0" path="" />
		<data type="0" row="11" col="2" cloud="0" path="" />
		<data type="2" row="10" col="10" cloud="0" path="" />
		<data type="0" row="1" col="8" cloud="0" path="" />
		<data type="1" row="7" col="2" cloud="0" path="" />
		<data type="2" row="4" col="10" cloud="0" path="" />
		<data type="0" row="6" col="7" cloud="0" path="" />
		<data type="2" row="11" col="8" cloud="0" path="" />
		<data type="1" row="8" col="2" cloud="0" path="" />
		<data type="1" row="6" col="1" cloud="0" path="" />
		<data type="1" row="13" col="0" cloud="0" path="" />
		<data type="2" row="0" col="4" cloud="0" path="" />
		<data type="2" row="5" col="8" cloud="0" path="" />
	</bubbles>
	<info bubbleNum="22" type="2" start1="10000" start2="20000" start3="35000" colors="1111000" />
</include>