<?xml version="1.0" encoding="UTF-8"?>
<include>
    <bubbles>
        <data type="0" row="0" col="0" cloud="0" path=""/>
        <data type="0" row="0" col="1" cloud="0" path=""/>
        <data type="0" row="0" col="2" cloud="0" path=""/>
        <data type="1" row="0" col="3" cloud="0" path=""/>
        <data type="1" row="0" col="4" cloud="0" path=""/>
        <data type="2" row="0" col="5" cloud="0" path=""/>
        <data type="2" row="0" col="6" cloud="0" path=""/>
        <data type="2" row="0" col="7" cloud="0" path=""/>
        <data type="3" row="0" col="8" cloud="0" path=""/>
        <data type="3" row="0" col="9" cloud="0" path=""/>
        <data type="0" row="1" col="0" cloud="0" path=""/>
        <data type="0" row="1" col="1" cloud="0" path=""/>
        <data type="1" row="1" col="2" cloud="0" path=""/>
        <data type="1" row="1" col="3" cloud="0" path=""/>
        <data type="1" row="1" col="4" cloud="0" path=""/>
        <data type="2" row="1" col="5" cloud="0" path=""/>
        <data type="2" row="1" col="6" cloud="0" path=""/>
        <data type="3" row="1" col="7" cloud="0" path=""/>
        <data type="3" row="1" col="8" cloud="0" path=""/>
        <data type="3" row="1" col="9" cloud="0" path=""/>
        <data type="2" row="2" col="2" cloud="0" path=""/>
        <data type="0" row="2" col="9" cloud="0" path=""/>
        <data type="2" row="3" col="1" cloud="0" path=""/>
        <data type="0" row="3" col="8" cloud="0" path=""/>
        <data type="2" row="4" col="1" cloud="0" path=""/>
        <data type="0" row="4" col="8" cloud="0" path=""/>
        <data type="3" row="5" col="0" cloud="0" path=""/>
        <data type="3" row="5" col="1" cloud="0" path=""/>
        <data type="0" row="5" col="2" cloud="0" path=""/>
        <data type="0" row="5" col="3" cloud="0" path=""/>
        <data type="0" row="5" col="4" cloud="0" path=""/>
        <data type="2" row="5" col="5" cloud="0" path=""/>
        <data type="2" row="5" col="6" cloud="0" path=""/>
        <data type="1" row="5" col="7" cloud="0" path=""/>
        <data type="1" row="5" col="8" cloud="0" path=""/>
        <data type="1" row="5" col="9" cloud="0" path=""/>
        <data type="3" row="6" col="0" cloud="0" path=""/>
        <data type="3" row="6" col="1" cloud="0" path=""/>
        <data type="3" row="6" col="2" cloud="0" path=""/>
        <data type="0" row="6" col="3" cloud="0" path=""/>
        <data type="0" row="6" col="4" cloud="0" path=""/>
        <data type="2" row="6" col="5" cloud="0" path=""/>
        <data type="2" row="6" col="6" cloud="0" path=""/>
        <data type="2" row="6" col="7" cloud="0" path=""/>
        <data type="1" row="6" col="8" cloud="0" path=""/>
        <data type="1" row="6" col="9" cloud="0" path=""/>
        <data type="1" row="7" col="1" cloud="0" path=""/>
        <data type="3" row="7" col="7" cloud="0" path=""/>
        <data type="1" row="8" col="2" cloud="0" path=""/>
        <data type="3" row="8" col="8" cloud="0" path=""/>
        <data type="1" row="9" col="2" cloud="0" path=""/>
        <data type="3" row="9" col="8" cloud="0" path=""/>
        <data type="2" row="10" col="0" cloud="0" path=""/>
        <data type="2" row="10" col="1" cloud="0" path=""/>
        <data type="2" row="10" col="2" cloud="0" path=""/>
        <data type="3" row="10" col="3" cloud="0" path=""/>
        <data type="3" row="10" col="4" cloud="0" path=""/>
        <data type="1" row="10" col="5" cloud="0" path=""/>
        <data type="1" row="10" col="6" cloud="0" path=""/>
        <data type="1" row="10" col="7" cloud="0" path=""/>
        <data type="0" row="10" col="8" cloud="0" path=""/>
        <data type="0" row="10" col="9" cloud="0" path=""/>
        <data type="2" row="11" col="0" cloud="0" path=""/>
        <data type="2" row="11" col="1" cloud="0" path=""/>
        <data type="3" row="11" col="2" cloud="0" path=""/>
        <data type="3" row="11" col="3" cloud="0" path=""/>
        <data type="3" row="11" col="4" cloud="0" path=""/>
        <data type="1" row="11" col="5" cloud="0" path=""/>
        <data type="1" row="11" col="6" cloud="0" path=""/>
        <data type="0" row="11" col="7" cloud="0" path=""/>
        <data type="0" row="11" col="8" cloud="0" path=""/>
        <data type="0" row="11" col="9" cloud="0" path=""/>
        <data type="1" row="12" col="2" cloud="0" path=""/>
        <data type="2" row="12" col="9" cloud="0" path=""/>
        <data type="1" row="13" col="1" cloud="0" path=""/>
        <data type="2" row="13" col="8" cloud="0" path=""/>
        <data type="1" row="14" col="1" cloud="0" path=""/>
        <data type="2" row="14" col="8" cloud="0" path=""/>
        <data type="0" row="15" col="0" cloud="0" path=""/>
        <data type="0" row="15" col="1" cloud="0" path=""/>
        <data type="2" row="15" col="2" cloud="0" path=""/>
        <data type="2" row="15" col="3" cloud="0" path=""/>
        <data type="2" row="15" col="4" cloud="0" path=""/>
        <data type="3" row="15" col="5" cloud="0" path=""/>
        <data type="3" row="15" col="6" cloud="0" path=""/>
        <data type="1" row="15" col="7" cloud="0" path=""/>
        <data type="1" row="15" col="8" cloud="0" path=""/>
        <data type="1" row="15" col="9" cloud="0" path=""/>
        <data type="0" row="16" col="0" cloud="0" path=""/>
        <data type="0" row="16" col="1" cloud="0" path=""/>
        <data type="0" row="16" col="2" cloud="0" path=""/>
        <data type="2" row="16" col="3" cloud="0" path=""/>
        <data type="2" row="16" col="4" cloud="0" path=""/>
        <data type="3" row="16" col="5" cloud="0" path=""/>
        <data type="3" row="16" col="6" cloud="0" path=""/>
        <data type="3" row="16" col="7" cloud="0" path=""/>
        <data type="1" row="16" col="8" cloud="0" path=""/>
        <data type="1" row="16" col="9" cloud="0" path=""/>
        <data type="3" row="17" col="1" cloud="0" path=""/>
        <data type="0" row="17" col="7" cloud="0" path=""/>
        <data type="3" row="18" col="2" cloud="0" path=""/>
        <data type="0" row="18" col="8" cloud="0" path=""/>
        <data type="3" row="19" col="2" cloud="0" path=""/>
        <data type="0" row="19" col="8" cloud="0" path=""/>
        <data type="1" row="20" col="0" cloud="0" path=""/>
        <data type="1" row="20" col="1" cloud="0" path=""/>
        <data type="1" row="20" col="2" cloud="0" path=""/>
        <data type="0" row="20" col="3" cloud="0" path=""/>
        <data type="0" row="20" col="4" cloud="0" path=""/>
        <data type="3" row="20" col="5" cloud="0" path=""/>
        <data type="3" row="20" col="6" cloud="0" path=""/>
        <data type="3" row="20" col="7" cloud="0" path=""/>
        <data type="2" row="20" col="8" cloud="0" path=""/>
        <data type="2" row="20" col="9" cloud="0" path=""/>
        <data type="1" row="21" col="0" cloud="0" path=""/>
        <data type="1" row="21" col="1" cloud="0" path=""/>
        <data type="0" row="21" col="2" cloud="0" path=""/>
        <data type="0" row="21" col="3" cloud="0" path=""/>
        <data type="0" row="21" col="4" cloud="0" path=""/>
        <data type="3" row="21" col="5" cloud="0" path=""/>
        <data type="3" row="21" col="6" cloud="0" path=""/>
        <data type="2" row="21" col="7" cloud="0" path=""/>
        <data type="2" row="21" col="8" cloud="0" path=""/>
        <data type="2" row="21" col="9" cloud="0" path=""/>
    </bubbles>
    <info bubbleNum="24" type="1" start1="5000" start2="10000" start3 ="20000" colors ="1111000"/>
</include>
