<?xml version="1.0" encoding="UTF-8"?>
<include>
	<bubbles>
		<data type="13" row="33" col="3" cloud="0" path="" />
		<data type="13" row="33" col="6" cloud="0" path="" />
		<data type="13" row="24" col="5" cloud="0" path="" />
		<data type="13" row="16" col="2" cloud="0" path="" />
		<data type="13" row="16" col="8" cloud="0" path="" />
		<data type="13" row="12" col="5" cloud="0" path="" />
		<data type="13" row="3" col="2" cloud="0" path="" />
		<data type="13" row="3" col="7" cloud="0" path="" />
		<data type="19" row="8" col="7" cloud="8" path="" />
		<data type="26" row="14" col="4" cloud="0" path="" />
		<data type="19" row="19" col="7" cloud="0" path="" />
		<data type="19" row="11" col="9" cloud="0" path="" />
		<data type="26" row="14" col="1" cloud="0" path="" />
		<data type="19" row="31" col="2" cloud="0" path="" />
		<data type="19" row="35" col="1" cloud="0" path="" />
		<data type="19" row="22" col="0" cloud="0" path="" />
		<data type="19" row="0" col="0" cloud="0" path="" />
		<data type="19" row="6" col="7" cloud="8" path="" />
		<data type="19" row="19" col="1" cloud="0" path="" />
		<data type="19" row="7" col="0" cloud="0" path="" />
		<data type="26" row="23" col="1" cloud="0" path="" />
		<data type="19" row="27" col="2" cloud="0" path="" />
		<data type="19" row="3" col="0" cloud="0" path="" />
		<data type="9" row="31" col="5" cloud="0" path="" />
		<data type="19" row="32" col="7" cloud="0" path="" />
		<data type="19" row="26" col="7" cloud="0" path="" />
		<data type="19" row="15" col="3" cloud="0" path="" />
		<data type="26" row="6" col="10" cloud="0" path="" />
		<data type="19" row="15" col="4" cloud="0" path="" />
		<data type="19" row="4" col="8" cloud="0" path="" />
		<data type="26" row="16" col="10" cloud="0" path="" />
		<data type="19" row="31" col="9" cloud="0" path="" />
		<data type="9" row="29" col="3" cloud="0" path="" />
		<data type="9" row="1" col="6" cloud="0" path="" />
		<data type="19" row="38" col="4" cloud="0" path="" />
		<data type="19" row="13" col="3" cloud="0" path="" />
		<data type="19" row="18" col="9" cloud="0" path="" />
		<data type="26" row="6" col="0" cloud="0" path="" />
		<data type="19" row="30" col="4" cloud="0" path="" />
		<data type="21" row="36" col="5" cloud="0" path="" />
		<data type="19" row="24" col="0" cloud="0" path="" />
		<data type="19" row="28" col="2" cloud="0" path="" />
		<data type="19" row="19" col="4" cloud="0" path="" />
		<data type="19" row="1" col="5" cloud="0" path="" />
		<data type="19" row="22" col="9" cloud="0" path="" />
		<data type="19" row="0" col="2" cloud="0" path="" />
		<data type="26" row="17" col="9" cloud="0" path="" />
		<data type="19" row="22" col="1" cloud="0" path="" />
		<data type="9" row="5" col="3" cloud="0" path="" />
		<data type="19" row="40" col="5" cloud="0" path="" />
		<data type="19" row="10" col="9" cloud="0" path="" />
		<data type="19" row="9" col="9" cloud="0" path="" />
		<data type="19" row="2" col="8" cloud="0" path="" />
		<data type="19" row="32" col="4" cloud="0" path="" />
		<data type="19" row="6" col="3" cloud="8" path="" />
		<data type="19" row="7" col="8" cloud="0" path="" />
		<data type="19" row="19" col="8" cloud="0" path="" />
		<data type="26" row="8" col="9" cloud="0" path="" />
		<data type="19" row="9" col="8" cloud="0" path="" />
		<data type="19" row="37" col="6" cloud="0" path="" />
		<data type="19" row="8" col="8" cloud="0" path="" />
		<data type="19" row="5" col="2" cloud="0" path="" />
		<data type="21" row="25" col="3" cloud="0" path="" />
		<data type="9" row="26" col="5" cloud="0" path="" />
		<data type="21" row="18" col="8" cloud="0" path="" />
		<data type="26" row="12" col="7" cloud="0" path="" />
		<data type="26" row="14" col="9" cloud="0" path="" />
		<data type="19" row="29" col="1" cloud="0" path="" />
		<data type="19" row="29" col="8" cloud="0" path="" />
		<data type="19" row="28" col="8" cloud="0" path="" />
		<data type="19" row="6" col="8" cloud="0" path="" />
		<data type="19" row="19" col="2" cloud="0" path="" />
		<data type="19" row="13" col="6" cloud="0" path="" />
		<data type="19" row="31" col="1" cloud="0" path="" />
		<data type="19" row="2" col="5" cloud="0" path="" />
		<data type="19" row="9" col="3" cloud="0" path="" />
		<data type="19" row="10" col="10" cloud="0" path="" />
		<data type="19" row="31" col="0" cloud="0" path="" />
		<data type="26" row="11" col="6" cloud="0" path="" />
		<data type="19" row="21" col="4" cloud="0" path="" />
		<data type="26" row="1" col="2" cloud="0" path="" />
		<data type="19" row="11" col="7" cloud="0" path="" />
		<data type="19" row="14" col="2" cloud="0" path="" />
		<data type="19" row="35" col="8" cloud="0" path="" />
		<data type="19" row="30" col="9" cloud="0" path="" />
		<data type="19" row="13" col="7" cloud="0" path="" />
		<data type="26" row="2" col="4" cloud="0" path="" />
		<data type="19" row="4" col="3" cloud="0" path="" />
		<data type="9" row="1" col="3" cloud="0" path="" />
		<data type="26" row="9" col="5" cloud="0" path="" />
		<data type="19" row="3" col="4" cloud="0" path="" />
		<data type="19" row="3" col="5" cloud="0" path="" />
		<data type="19" row="5" col="7" cloud="0" path="" />
		<data type="26" row="8" col="5" cloud="0" path="" />
		<data type="26" row="4" col="4" cloud="0" path="" />
		<data type="19" row="35" col="9" cloud="0" path="" />
		<data type="19" row="34" col="9" cloud="0" path="" />
		<data type="19" row="30" col="1" cloud="0" path="" />
		<data type="26" row="17" col="5" cloud="0" path="" />
		<data type="19" row="9" col="6" cloud="0" path="" />
		<data type="19" row="5" col="5" cloud="0" path="" />
		<data type="19" row="21" col="5" cloud="0" path="" />
		<data type="19" row="21" col="9" cloud="0" path="" />
		<data type="19" row="12" col="1" cloud="0" path="" />
		<data type="19" row="10" col="5" cloud="0" path="" />
		<data type="19" row="4" col="5" cloud="0" path="" />
		<data type="9" row="5" col="6" cloud="0" path="" />
		<data type="19" row="12" col="10" cloud="0" path="" />
		<data type="19" row="20" col="5" cloud="0" path="" />
		<data type="19" row="14" col="5" cloud="0" path="" />
		<data type="19" row="11" col="2" cloud="0" path="" />
		<data type="26" row="9" col="4" cloud="0" path="" />
		<data type="19" row="10" col="6" cloud="8" path="" />
		<data type="19" row="19" col="5" cloud="0" path="" />
		<data type="19" row="38" col="6" cloud="0" path="" />
		<data type="19" row="15" col="5" cloud="0" path="" />
		<data type="19" row="24" col="9" cloud="0" path="" />
		<data type="19" row="18" col="1" cloud="0" path="" />
		<data type="19" row="39" col="5" cloud="0" path="" />
		<data type="19" row="20" col="1" cloud="0" path="" />
		<data type="19" row="14" col="8" cloud="0" path="" />
		<data type="19" row="10" col="4" cloud="8" path="" />
		<data type="19" row="20" col="9" cloud="0" path="" />
		<data type="19" row="24" col="8" cloud="0" path="" />
		<data type="19" row="24" col="2" cloud="0" path="" />
		<data type="19" row="24" col="1" cloud="0" path="" />
		<data type="19" row="24" col="3" cloud="0" path="" />
		<data type="19" row="5" col="9" cloud="0" path="" />
		<data type="26" row="11" col="3" cloud="0" path="" />
		<data type="19" row="26" col="4" cloud="0" path="" />
		<data type="21" row="18" col="2" cloud="0" path="" />
		<data type="19" row="21" col="0" cloud="0" path="" />
		<data type="19" row="13" col="2" cloud="0" path="" />
		<data type="19" row="26" col="6" cloud="0" path="" />
		<data type="19" row="11" col="0" cloud="0" path="" />
		<data type="26" row="19" col="6" cloud="0" path="" />
		<data type="19" row="0" col="5" cloud="0" path="" />
		<data type="19" row="14" col="3" cloud="0" path="" />
		<data type="19" row="30" col="7" cloud="0" path="" />
		<data type="19" row="2" col="3" cloud="0" path="" />
		<data type="21" row="11" col="1" cloud="0" path="" />
		<data type="19" row="35" col="3" cloud="0" path="" />
		<data type="9" row="29" col="6" cloud="0" path="" />
		<data type="19" row="6" col="2" cloud="0" path="" />
		<data type="19" row="32" col="8" cloud="0" path="" />
		<data type="19" row="31" col="7" cloud="0" path="" />
		<data type="26" row="16" col="0" cloud="0" path="" />
		<data type="19" row="6" col="5" cloud="0" path="" />
		<data type="19" row="9" col="1" cloud="0" path="" />
		<data type="19" row="12" col="0" cloud="0" path="" />
		<data type="9" row="1" col="1" cloud="0" path="" />
		<data type="19" row="34" col="1" cloud="0" path="" />
		<data type="19" row="10" col="1" cloud="0" path="" />
		<data type="19" row="31" col="8" cloud="0" path="" />
		<data type="19" row="33" col="8" cloud="0" path="" />
		<data type="19" row="35" col="4" cloud="0" path="" />
		<data type="26" row="23" col="6" cloud="0" path="" />
		<data type="19" row="10" col="8" cloud="0" path="" />
		<data type="19" row="15" col="6" cloud="0" path="" />
		<data type="21" row="11" col="8" cloud="0" path="" />
		<data type="19" row="26" col="3" cloud="0" path="" />
		<data type="19" row="3" col="9" cloud="0" path="" />
		<data type="19" row="0" col="4" cloud="0" path="" />
		<data type="19" row="35" col="6" cloud="0" path="" />
		<data type="26" row="17" col="4" cloud="0" path="" />
		<data type="9" row="5" col="8" cloud="0" path="" />
		<data type="26" row="17" col="0" cloud="0" path="" />
		<data type="19" row="36" col="4" cloud="0" path="" />
		<data type="26" row="4" col="9" cloud="0" path="" />
		<data type="19" row="30" col="6" cloud="0" path="" />
		<data type="19" row="35" col="2" cloud="0" path="" />
		<data type="19" row="36" col="6" cloud="0" path="" />
		<data type="19" row="5" col="4" cloud="0" path="" />
		<data type="19" row="12" col="9" cloud="0" path="" />
		<data type="9" row="28" col="7" cloud="0" path="" />
		<data type="19" row="0" col="1" cloud="0" path="" />
		<data type="19" row="0" col="6" cloud="0" path="" />
		<data type="19" row="7" col="2" cloud="0" path="" />
		<data type="19" row="35" col="5" cloud="0" path="" />
		<data type="19" row="4" col="10" cloud="0" path="" />
		<data type="19" row="9" col="0" cloud="0" path="" />
		<data type="19" row="27" col="7" cloud="0" path="" />
		<data type="19" row="35" col="7" cloud="0" path="" />
		<data type="19" row="33" col="1" cloud="0" path="" />
		<data type="9" row="5" col="1" cloud="0" path="" />
		<data type="19" row="7" col="1" cloud="0" path="" />
		<data type="26" row="2" col="9" cloud="0" path="" />
		<data type="19" row="14" col="7" cloud="0" path="" />
		<data type="21" row="25" col="6" cloud="0" path="" />
		<data type="19" row="7" col="4" cloud="0" path="" />
		<data type="9" row="1" col="8" cloud="0" path="" />
		<data type="19" row="18" col="5" cloud="0" path="" />
		<data type="19" row="35" col="0" cloud="0" path="" />
		<data type="19" row="8" col="3" cloud="8" path="" />
		<data type="19" row="10" col="0" cloud="0" path="" />
		<data type="26" row="12" col="3" cloud="0" path="" />
		<data type="19" row="34" col="7" cloud="0" path="" />
		<data type="19" row="8" col="2" cloud="0" path="" />
		<data type="19" row="39" col="4" cloud="0" path="" />
		<data type="19" row="1" col="0" cloud="0" path="" />
		<data type="26" row="23" col="3" cloud="0" path="" />
		<data type="19" row="8" col="4" cloud="0" path="" />
		<data type="19" row="22" col="5" cloud="0" path="" />
		<data type="26" row="1" col="7" cloud="0" path="" />
		<data type="19" row="0" col="10" cloud="0" path="" />
		<data type="19" row="22" col="10" cloud="0" path="" />
		<data type="19" row="24" col="10" cloud="0" path="" />
		<data type="26" row="14" col="6" cloud="0" path="" />
		<data type="19" row="5" col="0" cloud="0" path="" />
		<data type="19" row="6" col="4" cloud="0" path="" />
		<data type="19" row="10" col="2" cloud="0" path="" />
		<data type="19" row="0" col="7" cloud="0" path="" />
		<data type="19" row="4" col="0" cloud="0" path="" />
		<data type="19" row="6" col="1" cloud="8" path="" />
		<data type="26" row="8" col="1" cloud="0" path="" />
		<data type="19" row="24" col="7" cloud="0" path="" />
		<data type="19" row="1" col="9" cloud="0" path="" />
		<data type="19" row="1" col="4" cloud="0" path="" />
		<data type="19" row="7" col="6" cloud="0" path="" />
		<data type="19" row="37" col="3" cloud="0" path="" />
		<data type="26" row="16" col="5" cloud="0" path="" />
		<data type="26" row="19" col="3" cloud="0" path="" />
		<data type="19" row="34" col="4" cloud="0" path="" />
		<data type="19" row="8" col="6" cloud="0" path="" />
		<data type="19" row="0" col="8" cloud="0" path="" />
		<data type="19" row="6" col="6" cloud="0" path="" />
		<data type="19" row="7" col="5" cloud="0" path="" />
		<data type="19" row="7" col="9" cloud="0" path="" />
		<data type="19" row="0" col="9" cloud="0" path="" />
		<data type="19" row="7" col="7" cloud="0" path="" />
		<data type="9" row="28" col="3" cloud="0" path="" />
		<data type="19" row="30" col="3" cloud="0" path="" />
		<data type="19" row="7" col="3" cloud="0" path="" />
		<data type="9" row="31" col="4" cloud="0" path="" />
		<data type="26" row="23" col="8" cloud="0" path="" />
		<data type="19" row="0" col="3" cloud="0" path="" />
		<data type="19" row="6" col="9" cloud="8" path="" />
	</bubbles>
	<info bubbleNum="31" type="4" start1="6500" start2="140000" start3="210000" colors="1110000" />
</include>