<?xml version="1.0" encoding="UTF-8"?>
<include>
	<bubbles>
		<data type="13" row="46" col="5" cloud="0" path="" />
		<data type="13" row="28" col="5" cloud="0" path="" />
		<data type="13" row="15" col="5" cloud="0" path="" />
		<data type="13" row="3" col="4" cloud="0" path="" />
		<data type="19" row="4" col="7" cloud="0" path="" />
		<data type="28" row="28" col="8" cloud="0" path="" />
		<data type="19" row="14" col="9" cloud="0" path="" />
		<data type="19" row="51" col="4" cloud="0" path="" />
		<data type="19" row="0" col="5" cloud="0" path="" />
		<data type="19" row="15" col="8" cloud="0" path="" />
		<data type="19" row="2" col="5" cloud="0" path="" />
		<data type="19" row="29" col="2" cloud="0" path="" />
		<data type="10" row="52" col="2" cloud="0" path="" />
		<data type="19" row="32" col="4" cloud="0" path="" />
		<data type="9" row="10" col="4" cloud="0" path="" />
		<data type="19" row="51" col="7" cloud="0" path="" />
		<data type="10" row="52" col="8" cloud="0" path="" />
		<data type="19" row="16" col="2" cloud="0" path="" />
		<data type="19" row="3" col="6" cloud="8" path="" />
		<data type="10" row="42" col="6" cloud="0" path="" />
		<data type="19" row="25" col="8" cloud="8" path="" />
		<data type="19" row="2" col="8" cloud="0" path="" />
		<data type="19" row="28" col="7" cloud="0" path="" />
		<data type="19" row="26" col="9" cloud="8" path="" />
		<data type="19" row="5" col="7" cloud="0" path="" />
		<data type="19" row="12" col="6" cloud="0" path="" />
		<data type="27" row="0" col="2" cloud="0" path="" />
		<data type="19" row="50" col="4" cloud="0" path="" />
		<data type="19" row="34" col="5" cloud="8" path="" />
		<data type="19" row="31" col="4" cloud="0" path="" />
		<data type="19" row="2" col="7" cloud="0" path="" />
		<data type="19" row="3" col="7" cloud="8" path="" />
		<data type="19" row="13" col="6" cloud="0" path="" />
		<data type="19" row="42" col="3" cloud="0" path="" />
		<data type="19" row="13" col="3" cloud="0" path="" />
		<data type="19" row="1" col="7" cloud="0" path="" />
		<data type="19" row="12" col="5" cloud="0" path="" />
		<data type="19" row="27" col="6" cloud="0" path="" />
		<data type="19" row="18" col="5" cloud="0" path="" />
		<data type="19" row="24" col="4" cloud="0" path="" />
		<data type="28" row="31" col="3" cloud="0" path="" />
		<data type="19" row="25" col="5" cloud="0" path="" />
		<data type="19" row="11" col="7" cloud="0" path="" />
		<data type="27" row="13" col="5" cloud="0" path="" />
		<data type="19" row="14" col="6" cloud="0" path="" />
		<data type="19" row="44" col="4" cloud="0" path="" />
		<data type="9" row="10" col="8" cloud="0" path="" />
		<data type="19" row="43" col="2" cloud="0" path="" />
		<data type="19" row="25" col="9" cloud="8" path="" />
		<data type="19" row="31" col="1" cloud="8" path="" />
		<data type="19" row="26" col="6" cloud="0" path="" />
		<data type="9" row="11" col="8" cloud="0" path="" />
		<data type="28" row="1" col="3" cloud="0" path="" />
		<data type="10" row="30" col="2" cloud="0" path="" />
		<data type="19" row="18" col="6" cloud="0" path="" />
		<data type="9" row="10" col="7" cloud="0" path="" />
		<data type="19" row="29" col="3" cloud="0" path="" />
		<data type="19" row="48" col="6" cloud="0" path="" />
		<data type="19" row="26" col="5" cloud="0" path="" />
		<data type="19" row="4" col="8" cloud="0" path="" />
		<data type="19" row="26" col="3" cloud="0" path="" />
		<data type="19" row="28" col="3" cloud="0" path="" />
		<data type="10" row="42" col="4" cloud="0" path="" />
		<data type="19" row="33" col="4" cloud="8" path="" />
		<data type="10" row="32" col="5" cloud="0" path="" />
		<data type="28" row="1" col="5" cloud="0" path="" />
		<data type="19" row="44" col="6" cloud="0" path="" />
		<data type="19" row="43" col="7" cloud="0" path="" />
		<data type="19" row="16" col="6" cloud="0" path="" />
		<data type="28" row="44" col="8" cloud="0" path="" />
		<data type="19" row="42" col="7" cloud="0" path="" />
		<data type="19" row="0" col="4" cloud="0" path="" />
		<data type="28" row="51" col="6" cloud="0" path="" />
		<data type="28" row="25" col="3" cloud="0" path="" />
		<data type="19" row="45" col="6" cloud="0" path="" />
		<data type="19" row="26" col="2" cloud="0" path="" />
		<data type="19" row="45" col="7" cloud="0" path="" />
		<data type="19" row="49" col="6" cloud="0" path="" />
		<data type="19" row="18" col="4" cloud="0" path="" />
		<data type="19" row="43" col="6" cloud="0" path="" />
		<data type="26" row="1" col="4" cloud="0" path="" />
		<data type="19" row="50" col="7" cloud="0" path="" />
		<data type="19" row="49" col="8" cloud="0" path="" />
		<data type="19" row="31" col="2" cloud="0" path="" />
		<data type="19" row="27" col="7" cloud="0" path="" />
		<data type="9" row="20" col="3" cloud="0" path="" />
		<data type="19" row="30" col="6" cloud="0" path="" />
		<data type="19" row="25" col="1" cloud="8" path="" />
		<data type="19" row="24" col="6" cloud="0" path="" />
		<data type="28" row="31" col="6" cloud="0" path="" />
		<data type="28" row="48" col="9" cloud="0" path="" />
		<data type="19" row="23" col="4" cloud="8" path="" />
		<data type="19" row="48" col="7" cloud="0" path="" />
		<data type="19" row="19" col="3" cloud="0" path="" />
		<data type="19" row="49" col="7" cloud="0" path="" />
		<data type="19" row="25" col="2" cloud="0" path="" />
		<data type="19" row="15" col="1" cloud="0" path="" />
		<data type="19" row="13" col="7" cloud="0" path="" />
		<data type="19" row="24" col="5" cloud="0" path="" />
		<data type="9" row="19" col="2" cloud="0" path="" />
		<data type="19" row="22" col="5" cloud="8" path="" />
		<data type="19" row="48" col="8" cloud="0" path="" />
		<data type="27" row="0" col="7" cloud="0" path="" />
		<data type="19" row="23" col="5" cloud="8" path="" />
		<data type="19" row="47" col="6" cloud="0" path="" />
		<data type="19" row="4" col="1" cloud="0" path="" />
		<data type="19" row="48" col="5" cloud="0" path="" />
		<data type="19" row="0" col="6" cloud="0" path="" />
		<data type="19" row="3" col="1" cloud="8" path="" />
		<data type="19" row="1" col="6" cloud="0" path="" />
		<data type="19" row="6" col="6" cloud="0" path="" />
		<data type="19" row="25" col="0" cloud="8" path="" />
		<data type="19" row="50" col="5" cloud="0" path="" />
		<data type="19" row="49" col="2" cloud="0" path="" />
		<data type="19" row="50" col="3" cloud="0" path="" />
		<data type="28" row="5" col="5" cloud="0" path="" />
		<data type="19" row="51" col="2" cloud="0" path="" />
		<data type="19" row="31" col="7" cloud="0" path="" />
		<data type="19" row="3" col="0" cloud="8" path="" />
		<data type="19" row="16" col="8" cloud="0" path="" />
		<data type="19" row="49" col="3" cloud="0" path="" />
		<data type="19" row="49" col="5" cloud="0" path="" />
		<data type="19" row="5" col="6" cloud="0" path="" />
		<data type="19" row="17" col="6" cloud="0" path="" />
		<data type="19" row="30" col="5" cloud="0" path="" />
		<data type="19" row="0" col="3" cloud="0" path="" />
		<data type="26" row="5" col="4" cloud="0" path="" />
		<data type="19" row="46" col="7" cloud="0" path="" />
		<data type="28" row="25" col="6" cloud="0" path="" />
		<data type="19" row="26" col="8" cloud="0" path="" />
		<data type="19" row="2" col="2" cloud="0" path="" />
		<data type="19" row="27" col="2" cloud="0" path="" />
		<data type="19" row="14" col="2" cloud="0" path="" />
		<data type="19" row="18" col="7" cloud="0" path="" />
		<data type="19" row="16" col="7" cloud="0" path="" />
		<data type="19" row="6" col="5" cloud="0" path="" />
		<data type="19" row="31" col="0" cloud="8" path="" />
		<data type="19" row="1" col="1" cloud="0" path="" />
		<data type="19" row="27" col="3" cloud="0" path="" />
		<data type="26" row="4" col="6" cloud="0" path="" />
		<data type="19" row="26" col="7" cloud="0" path="" />
		<data type="19" row="17" col="7" cloud="0" path="" />
		<data type="19" row="1" col="2" cloud="0" path="" />
		<data type="19" row="6" col="3" cloud="0" path="" />
		<data type="28" row="5" col="3" cloud="0" path="" />
		<data type="19" row="25" col="7" cloud="0" path="" />
		<data type="19" row="2" col="1" cloud="0" path="" />
		<data type="19" row="47" col="3" cloud="0" path="" />
		<data type="19" row="49" col="1" cloud="0" path="" />
		<data type="19" row="29" col="6" cloud="0" path="" />
		<data type="9" row="20" col="4" cloud="0" path="" />
		<data type="19" row="27" col="1" cloud="0" path="" />
		<data type="19" row="50" col="6" cloud="0" path="" />
		<data type="19" row="48" col="2" cloud="0" path="" />
		<data type="19" row="5" col="1" cloud="0" path="" />
		<data type="9" row="20" col="8" cloud="0" path="" />
		<data type="19" row="15" col="7" cloud="0" path="" />
		<data type="19" row="26" col="1" cloud="8" path="" />
		<data type="9" row="11" col="2" cloud="0" path="" />
		<data type="9" row="19" col="8" cloud="0" path="" />
		<data type="19" row="49" col="4" cloud="0" path="" />
		<data type="19" row="6" col="4" cloud="0" path="" />
		<data type="19" row="17" col="4" cloud="0" path="" />
		<data type="19" row="33" col="5" cloud="8" path="" />
		<data type="19" row="43" col="3" cloud="0" path="" />
		<data type="19" row="4" col="5" cloud="0" path="" />
		<data type="19" row="45" col="2" cloud="0" path="" />
		<data type="19" row="12" col="4" cloud="0" path="" />
		<data type="9" row="20" col="7" cloud="0" path="" />
		<data type="19" row="31" col="8" cloud="8" path="" />
		<data type="19" row="4" col="2" cloud="0" path="" />
		<data type="19" row="48" col="4" cloud="0" path="" />
		<data type="26" row="2" col="6" cloud="0" path="" />
		<data type="19" row="31" col="9" cloud="8" path="" />
		<data type="19" row="13" col="4" cloud="0" path="" />
		<data type="19" row="16" col="9" cloud="0" path="" />
		<data type="19" row="5" col="2" cloud="0" path="" />
		<data type="19" row="19" col="7" cloud="0" path="" />
		<data type="19" row="30" col="4" cloud="0" path="" />
		<data type="19" row="17" col="3" cloud="0" path="" />
		<data type="19" row="25" col="4" cloud="0" path="" />
		<data type="19" row="32" col="6" cloud="0" path="" />
		<data type="28" row="48" col="1" cloud="0" path="" />
		<data type="19" row="15" col="3" cloud="0" path="" />
		<data type="19" row="12" col="7" cloud="0" path="" />
		<data type="19" row="44" col="7" cloud="0" path="" />
		<data type="19" row="17" col="5" cloud="0" path="" />
		<data type="19" row="26" col="4" cloud="0" path="" />
		<data type="19" row="46" col="3" cloud="0" path="" />
		<data type="19" row="16" col="3" cloud="0" path="" />
		<data type="19" row="15" col="9" cloud="0" path="" />
		<data type="19" row="14" col="3" cloud="0" path="" />
		<data type="19" row="3" col="2" cloud="8" path="" />
		<data type="19" row="11" col="3" cloud="0" path="" />
		<data type="19" row="44" col="3" cloud="0" path="" />
		<data type="19" row="31" col="5" cloud="0" path="" />
		<data type="19" row="50" col="2" cloud="0" path="" />
		<data type="19" row="30" col="9" cloud="8" path="" />
		<data type="19" row="14" col="8" cloud="0" path="" />
		<data type="19" row="6" col="2" cloud="0" path="" />
		<data type="19" row="30" col="7" cloud="0" path="" />
		<data type="19" row="29" col="7" cloud="0" path="" />
		<data type="28" row="28" col="2" cloud="0" path="" />
		<data type="19" row="6" col="7" cloud="0" path="" />
		<data type="19" row="30" col="3" cloud="0" path="" />
		<data type="19" row="30" col="1" cloud="8" path="" />
		<data type="19" row="51" col="5" cloud="0" path="" />
		<data type="19" row="44" col="5" cloud="0" path="" />
		<data type="9" row="10" col="3" cloud="0" path="" />
		<data type="19" row="3" col="8" cloud="8" path="" />
		<data type="10" row="30" col="8" cloud="0" path="" />
		<data type="19" row="29" col="1" cloud="0" path="" />
		<data type="19" row="48" col="3" cloud="0" path="" />
		<data type="19" row="15" col="2" cloud="0" path="" />
		<data type="19" row="14" col="7" cloud="0" path="" />
		<data type="19" row="45" col="3" cloud="0" path="" />
		<data type="19" row="27" col="8" cloud="0" path="" />
		<data type="28" row="44" col="2" cloud="0" path="" />
		<data type="28" row="51" col="3" cloud="0" path="" />
		<data type="19" row="50" col="8" cloud="0" path="" />
		<data type="19" row="29" col="8" cloud="0" path="" />
	</bubbles>
	<info bubbleNum="26" type="4" start1="10000" start2="80000" start3="130000" colors="1111000" />
</include>