<?xml version="1.0" encoding="UTF-8"?>
<include>
	<bubbles>
		<data type="13" row="31" col="7" cloud="0" path="" />
		<data type="13" row="31" col="2" cloud="0" path="" />
		<data type="13" row="17" col="2" cloud="0" path="" />
		<data type="13" row="17" col="7" cloud="0" path="" />
		<data type="13" row="5" col="2" cloud="0" path="" />
		<data type="13" row="5" col="7" cloud="0" path="" />
		<data type="19" row="3" col="5" cloud="8" path="" />
		<data type="19" row="34" col="2" cloud="8" path="" />
		<data type="26" row="31" col="4" cloud="0" path="" />
		<data type="19" row="15" col="9" cloud="0" path="" />
		<data type="26" row="15" col="8" cloud="0" path="" />
		<data type="19" row="29" col="1" cloud="0" path="" />
		<data type="19" row="32" col="0" cloud="0" path="" />
		<data type="19" row="16" col="0" cloud="0" path="" />
		<data type="19" row="34" col="7" cloud="8" path="" />
		<data type="19" row="16" col="3" cloud="0" path="" />
		<data type="19" row="33" col="5" cloud="0" path="" />
		<data type="19" row="8" col="7" cloud="0" path="" />
		<data type="19" row="6" col="3" cloud="0" path="" />
		<data type="19" row="32" col="3" cloud="0" path="" />
		<data type="19" row="20" col="5" cloud="0" path="" />
		<data type="19" row="28" col="8" cloud="8" path="" />
		<data type="19" row="6" col="9" cloud="0" path="" />
		<data type="19" row="2" col="8" cloud="0" path="" />
		<data type="19" row="16" col="10" cloud="0" path="" />
		<data type="19" row="4" col="8" cloud="0" path="" />
		<data type="19" row="30" col="9" cloud="0" path="" />
		<data type="19" row="34" col="3" cloud="8" path="" />
		<data type="19" row="6" col="8" cloud="0" path="" />
		<data type="19" row="33" col="3" cloud="0" path="" />
		<data type="19" row="8" col="5" cloud="0" path="" />
		<data type="19" row="7" col="1" cloud="0" path="" />
		<data type="19" row="14" col="4" cloud="0" path="" />
		<data type="19" row="3" col="9" cloud="0" path="" />
		<data type="26" row="3" col="2" cloud="0" path="" />
		<data type="19" row="19" col="5" cloud="0" path="" />
		<data type="19" row="29" col="5" cloud="0" path="" />
		<data type="19" row="8" col="9" cloud="0" path="" />
		<data type="26" row="13" col="2" cloud="0" path="" />
		<data type="26" row="14" col="3" cloud="0" path="" />
		<data type="19" row="33" col="1" cloud="0" path="" />
		<data type="26" row="3" col="7" cloud="0" path="" />
		<data type="26" row="7" col="5" cloud="0" path="" />
		<data type="26" row="17" col="4" cloud="0" path="" />
		<data type="26" row="6" col="10" cloud="0" path="" />
		<data type="19" row="29" col="3" cloud="0" path="" />
		<data type="26" row="21" col="7" cloud="0" path="" />
		<data type="19" row="33" col="2" cloud="0" path="" />
		<data type="19" row="2" col="2" cloud="0" path="" />
		<data type="19" row="3" col="0" cloud="0" path="" />
		<data type="9" row="5" col="5" cloud="0" path="" />
		<data type="26" row="20" col="7" cloud="0" path="" />
		<data type="19" row="16" col="5" cloud="0" path="" />
		<data type="19" row="19" col="0" cloud="0" path="" />
		<data type="26" row="4" col="0" cloud="0" path="" />
		<data type="26" row="7" col="4" cloud="0" path="" />
		<data type="19" row="15" col="3" cloud="8" path="" />
		<data type="19" row="2" col="3" cloud="0" path="" />
		<data type="19" row="7" col="6" cloud="0" path="" />
		<data type="26" row="17" col="9" cloud="0" path="" />
		<data type="9" row="6" col="5" cloud="0" path="" />
		<data type="26" row="20" col="2" cloud="0" path="" />
		<data type="26" row="3" col="3" cloud="0" path="" />
		<data type="19" row="28" col="3" cloud="8" path="" />
		<data type="26" row="3" col="6" cloud="0" path="" />
		<data type="19" row="14" col="1" cloud="0" path="" />
		<data type="26" row="10" col="3" cloud="0" path="" />
		<data type="19" row="29" col="0" cloud="0" path="" />
		<data type="26" row="14" col="8" cloud="0" path="" />
		<data type="19" row="9" col="6" cloud="0" path="" />
		<data type="19" row="2" col="6" cloud="0" path="" />
		<data type="26" row="13" col="7" cloud="0" path="" />
		<data type="19" row="29" col="9" cloud="0" path="" />
		<data type="19" row="33" col="6" cloud="0" path="" />
		<data type="19" row="3" col="4" cloud="8" path="" />
		<data type="19" row="32" col="10" cloud="0" path="" />
		<data type="26" row="17" col="5" cloud="0" path="" />
		<data type="26" row="21" col="2" cloud="0" path="" />
		<data type="19" row="30" col="8" cloud="0" path="" />
		<data type="19" row="30" col="4" cloud="0" path="" />
		<data type="26" row="20" col="3" cloud="0" path="" />
		<data type="19" row="9" col="4" cloud="8" path="" />
		<data type="19" row="2" col="7" cloud="0" path="" />
		<data type="26" row="9" col="2" cloud="0" path="" />
		<data type="19" row="2" col="1" cloud="0" path="" />
		<data type="19" row="10" col="5" cloud="8" path="" />
		<data type="19" row="2" col="9" cloud="0" path="" />
		<data type="26" row="3" col="1" cloud="0" path="" />
		<data type="26" row="6" col="0" cloud="0" path="" />
		<data type="26" row="32" col="5" cloud="0" path="" />
		<data type="26" row="9" col="7" cloud="0" path="" />
		<data type="19" row="33" col="7" cloud="0" path="" />
		<data type="19" row="19" col="4" cloud="0" path="" />
		<data type="19" row="29" col="7" cloud="0" path="" />
		<data type="19" row="19" col="1" cloud="0" path="" />
		<data type="26" row="8" col="2" cloud="0" path="" />
		<data type="19" row="14" col="6" cloud="0" path="" />
		<data type="19" row="8" col="3" cloud="0" path="" />
		<data type="19" row="20" col="1" cloud="0" path="" />
		<data type="19" row="29" col="8" cloud="0" path="" />
		<data type="19" row="18" col="0" cloud="0" path="" />
		<data type="19" row="19" col="8" cloud="0" path="" />
		<data type="26" row="31" col="5" cloud="0" path="" />
		<data type="19" row="34" col="8" cloud="8" path="" />
		<data type="26" row="15" col="1" cloud="0" path="" />
		<data type="19" row="9" col="5" cloud="8" path="" />
		<data type="26" row="5" col="0" cloud="0" path="" />
		<data type="19" row="28" col="7" cloud="8" path="" />
		<data type="19" row="33" col="9" cloud="0" path="" />
		<data type="19" row="15" col="5" cloud="0" path="" />
		<data type="19" row="7" col="8" cloud="0" path="" />
		<data type="9" row="7" col="0" cloud="0" path="" />
		<data type="19" row="29" col="4" cloud="0" path="" />
		<data type="19" row="19" col="9" cloud="0" path="" />
		<data type="19" row="30" col="0" cloud="0" path="" />
		<data type="19" row="20" col="9" cloud="0" path="" />
		<data type="19" row="15" col="6" cloud="8" path="" />
		<data type="26" row="3" col="8" cloud="0" path="" />
		<data type="26" row="14" col="2" cloud="0" path="" />
		<data type="19" row="19" col="3" cloud="0" path="" />
		<data type="26" row="8" col="8" cloud="0" path="" />
		<data type="26" row="17" col="0" cloud="0" path="" />
		<data type="19" row="20" col="4" cloud="0" path="" />
		<data type="19" row="16" col="8" cloud="0" path="" />
		<data type="19" row="20" col="6" cloud="0" path="" />
		<data type="9" row="5" col="4" cloud="0" path="" />
		<data type="26" row="10" col="7" cloud="0" path="" />
		<data type="19" row="2" col="4" cloud="0" path="" />
		<data type="19" row="18" col="8" cloud="0" path="" />
		<data type="9" row="7" col="9" cloud="0" path="" />
		<data type="26" row="14" col="7" cloud="0" path="" />
		<data type="19" row="33" col="0" cloud="0" path="" />
		<data type="19" row="18" col="3" cloud="0" path="" />
		<data type="19" row="14" col="9" cloud="0" path="" />
		<data type="19" row="9" col="3" cloud="0" path="" />
		<data type="19" row="33" col="8" cloud="0" path="" />
		<data type="19" row="4" col="3" cloud="0" path="" />
		<data type="26" row="31" col="9" cloud="0" path="" />
		<data type="19" row="2" col="5" cloud="8" path="" />
		<data type="19" row="18" col="10" cloud="0" path="" />
		<data type="19" row="29" col="6" cloud="0" path="" />
		<data type="19" row="32" col="4" cloud="0" path="" />
		<data type="26" row="31" col="0" cloud="0" path="" />
		<data type="26" row="4" col="10" cloud="0" path="" />
		<data type="19" row="30" col="10" cloud="0" path="" />
		<data type="19" row="32" col="9" cloud="0" path="" />
		<data type="19" row="33" col="4" cloud="0" path="" />
		<data type="26" row="5" col="9" cloud="0" path="" />
		<data type="26" row="20" col="8" cloud="0" path="" />
		<data type="19" row="4" col="5" cloud="8" path="" />
		<data type="19" row="18" col="9" cloud="8" path="" />
		<data type="19" row="32" col="8" cloud="0" path="" />
		<data type="19" row="15" col="0" cloud="0" path="" />
		<data type="19" row="15" col="4" cloud="0" path="" />
		<data type="19" row="28" col="2" cloud="8" path="" />
		<data type="19" row="18" col="5" cloud="8" path="" />
		<data type="19" row="8" col="1" cloud="0" path="" />
		<data type="19" row="29" col="2" cloud="0" path="" />
		<data type="19" row="7" col="3" cloud="0" path="" />
		<data type="19" row="14" col="5" cloud="8" path="" />
		<data type="19" row="19" col="6" cloud="0" path="" />
		<data type="19" row="30" col="3" cloud="0" path="" />
		<data type="26" row="30" col="5" cloud="0" path="" />
	</bubbles>
	<info bubbleNum="49" type="4" start1="9000" start2="72000" start3="103000" colors="1111000" />
</include>