<?xml version="1.0" encoding="UTF-8"?>
<include>
	<bubbles>
		<data type="19" row="3" col="4" cloud="0" path="" />
		<data type="9" row="2" col="8" cloud="0" path="" />
		<data type="19" row="4" col="9" cloud="0" path="" />
		<data type="9" row="5" col="8" cloud="0" path="" />
		<data type="19" row="5" col="7" cloud="0" path="" />
		<data type="19" row="4" col="5" cloud="8" path="" />
		<data type="2" row="4" col="6" cloud="0" path="" />
		<data type="9" row="8" col="5" cloud="0" path="" />
		<data type="9" row="5" col="3" cloud="0" path="" />
		<data type="19" row="7" col="6" cloud="8" path="" />
		<data type="19" row="2" col="6" cloud="0" path="" />
		<data type="9" row="3" col="7" cloud="0" path="" />
		<data type="20" row="5" col="6" cloud="0" path="" />
		<data type="19" row="6" col="8" cloud="8" path="" />
		<data type="19" row="7" col="4" cloud="0" path="" />
		<data type="19" row="6" col="4" cloud="0" path="" />
		<data type="9" row="7" col="5" cloud="0" path="" />
		<data type="9" row="8" col="8" cloud="0" path="" />
		<data type="9" row="2" col="5" cloud="0" path="" />
		<data type="4" row="6" col="6" cloud="0" path="" />
		<data type="3" row="5" col="5" cloud="0" path="" />
		<data type="19" row="7" col="8" cloud="0" path="" />
		<data type="19" row="2" col="7" cloud="0" path="" />
		<data type="9" row="5" col="9" cloud="0" path="" />
		<data type="19" row="3" col="6" cloud="8" path="" />
		<data type="19" row="6" col="5" cloud="8" path="" />
		<data type="19" row="3" col="8" cloud="0" path="" />
		<data type="9" row="5" col="4" cloud="0" path="" />
		<data type="19" row="6" col="9" cloud="0" path="" />
		<data type="19" row="8" col="7" cloud="0" path="" />
		<data type="1" row="4" col="7" cloud="0" path="" />
		<data type="19" row="4" col="8" cloud="8" path="" />
		<data type="0" row="6" col="7" cloud="0" path="" />
		<data type="9" row="7" col="7" cloud="0" path="" />
		<data type="19" row="4" col="4" cloud="0" path="" />
		<data type="19" row="8" col="6" cloud="0" path="" />
		<data type="9" row="3" col="5" cloud="0" path="" />
	</bubbles>
	<info bubbleNum="35" type="8" start1="300" start2="800" start3="1900" colors="1111100" />
</include>