<?xml version="1.0" encoding="UTF-8"?>
<include>
	<bubbles>
		<data type="13" row="62" col="5" cloud="0" path="" />
		<data type="13" row="50" col="6" cloud="0" path="" />
		<data type="13" row="34" col="4" cloud="0" path="" />
		<data type="13" row="20" col="5" cloud="0" path="" />
		<data type="13" row="4" col="5" cloud="0" path="" />
		<data type="19" row="6" col="2" cloud="0" path="" />
		<data type="19" row="7" col="2" cloud="0" path="" />
		<data type="19" row="35" col="2" cloud="0" path="" />
		<data type="19" row="63" col="7" cloud="0" path="" />
		<data type="19" row="36" col="3" cloud="0" path="" />
		<data type="19" row="46" col="6" cloud="0" path="" />
		<data type="19" row="8" col="6" cloud="0" path="" />
		<data type="19" row="36" col="4" cloud="0" path="" />
		<data type="19" row="62" col="8" cloud="0" path="" />
		<data type="19" row="7" col="5" cloud="0" path="" />
		<data type="19" row="5" col="3" cloud="0" path="" />
		<data type="19" row="8" col="4" cloud="0" path="" />
		<data type="19" row="61" col="7" cloud="0" path="" />
		<data type="19" row="47" col="5" cloud="0" path="" />
		<data type="19" row="62" col="2" cloud="0" path="" />
		<data type="19" row="60" col="4" cloud="0" path="" />
		<data type="19" row="20" col="3" cloud="0" path="" />
		<data type="19" row="46" col="5" cloud="0" path="" />
		<data type="19" row="7" col="4" cloud="0" path="" />
		<data type="19" row="32" col="2" cloud="0" path="" />
		<data type="19" row="46" col="7" cloud="0" path="" />
		<data type="19" row="34" col="8" cloud="0" path="" />
		<data type="19" row="46" col="2" cloud="0" path="" />
		<data type="19" row="7" col="3" cloud="0" path="" />
		<data type="19" row="47" col="6" cloud="0" path="" />
		<data type="19" row="63" col="6" cloud="0" path="" />
		<data type="19" row="17" col="4" cloud="0" path="" />
		<data type="19" row="37" col="4" cloud="0" path="" />
		<data type="19" row="62" col="3" cloud="0" path="" />
		<data type="19" row="51" col="3" cloud="0" path="" />
		<data type="19" row="33" col="7" cloud="0" path="" />
		<data type="19" row="2" col="4" cloud="0" path="" />
		<data type="19" row="16" col="2" cloud="0" path="" />
		<data type="19" row="52" col="6" cloud="0" path="" />
		<data type="19" row="50" col="3" cloud="0" path="" />
		<data type="19" row="8" col="1" cloud="0" path="" />
		<data type="19" row="17" col="1" cloud="0" path="" />
		<data type="19" row="18" col="6" cloud="0" path="" />
		<data type="19" row="52" col="3" cloud="0" path="" />
		<data type="19" row="2" col="5" cloud="0" path="" />
		<data type="19" row="3" col="3" cloud="0" path="" />
		<data type="19" row="64" col="7" cloud="0" path="" />
		<data type="19" row="36" col="8" cloud="0" path="" />
		<data type="19" row="60" col="5" cloud="0" path="" />
		<data type="19" row="37" col="3" cloud="0" path="" />
		<data type="19" row="16" col="1" cloud="0" path="" />
		<data type="19" row="34" col="2" cloud="0" path="" />
		<data type="19" row="50" col="8" cloud="0" path="" />
		<data type="19" row="16" col="3" cloud="0" path="" />
		<data type="19" row="48" col="6" cloud="0" path="" />
		<data type="19" row="7" col="1" cloud="0" path="" />
		<data type="19" row="18" col="3" cloud="0" path="" />
		<data type="19" row="8" col="2" cloud="0" path="" />
		<data type="19" row="33" col="5" cloud="0" path="" />
		<data type="19" row="60" col="3" cloud="0" path="" />
		<data type="19" row="38" col="3" cloud="0" path="" />
		<data type="19" row="19" col="7" cloud="0" path="" />
		<data type="19" row="51" col="7" cloud="0" path="" />
		<data type="19" row="1" col="4" cloud="0" path="" />
		<data type="19" row="19" col="2" cloud="0" path="" />
		<data type="19" row="21" col="3" cloud="0" path="" />
		<data type="19" row="65" col="6" cloud="0" path="" />
		<data type="19" row="37" col="6" cloud="0" path="" />
		<data type="19" row="35" col="6" cloud="0" path="" />
		<data type="19" row="18" col="4" cloud="0" path="" />
		<data type="19" row="16" col="4" cloud="0" path="" />
		<data type="19" row="48" col="5" cloud="0" path="" />
		<data type="19" row="49" col="7" cloud="0" path="" />
		<data type="19" row="18" col="2" cloud="0" path="" />
		<data type="19" row="36" col="6" cloud="0" path="" />
		<data type="19" row="36" col="5" cloud="0" path="" />
		<data type="19" row="61" col="2" cloud="0" path="" />
		<data type="19" row="37" col="7" cloud="0" path="" />
		<data type="19" row="17" col="5" cloud="0" path="" />
		<data type="19" row="33" col="2" cloud="0" path="" />
		<data type="19" row="19" col="3" cloud="0" path="" />
		<data type="19" row="46" col="3" cloud="0" path="" />
		<data type="19" row="47" col="2" cloud="0" path="" />
		<data type="19" row="59" col="3" cloud="0" path="" />
		<data type="19" row="51" col="4" cloud="0" path="" />
		<data type="19" row="48" col="7" cloud="0" path="" />
		<data type="19" row="36" col="7" cloud="0" path="" />
		<data type="19" row="3" col="6" cloud="0" path="" />
		<data type="19" row="17" col="2" cloud="0" path="" />
		<data type="19" row="50" col="4" cloud="0" path="" />
		<data type="19" row="52" col="8" cloud="0" path="" />
		<data type="19" row="47" col="7" cloud="0" path="" />
		<data type="19" row="52" col="7" cloud="0" path="" />
		<data type="19" row="47" col="4" cloud="0" path="" />
		<data type="19" row="61" col="3" cloud="0" path="" />
		<data type="19" row="16" col="5" cloud="0" path="" />
		<data type="19" row="63" col="2" cloud="0" path="" />
		<data type="19" row="60" col="7" cloud="0" path="" />
		<data type="19" row="46" col="4" cloud="0" path="" />
		<data type="19" row="65" col="5" cloud="0" path="" />
		<data type="19" row="7" col="8" cloud="0" path="" />
		<data type="19" row="48" col="4" cloud="0" path="" />
		<data type="19" row="51" col="2" cloud="0" path="" />
		<data type="19" row="64" col="5" cloud="0" path="" />
		<data type="19" row="6" col="5" cloud="0" path="" />
		<data type="19" row="65" col="4" cloud="0" path="" />
		<data type="19" row="64" col="6" cloud="0" path="" />
		<data type="19" row="6" col="8" cloud="0" path="" />
		<data type="19" row="0" col="5" cloud="0" path="" />
		<data type="19" row="18" col="5" cloud="0" path="" />
		<data type="19" row="17" col="3" cloud="0" path="" />
		<data type="19" row="52" col="4" cloud="0" path="" />
		<data type="19" row="8" col="9" cloud="0" path="" />
		<data type="19" row="33" col="6" cloud="0" path="" />
		<data type="19" row="35" col="7" cloud="0" path="" />
		<data type="19" row="6" col="4" cloud="0" path="" />
		<data type="19" row="59" col="6" cloud="0" path="" />
		<data type="19" row="48" col="3" cloud="0" path="" />
		<data type="19" row="16" col="9" cloud="0" path="" />
		<data type="19" row="37" col="5" cloud="0" path="" />
		<data type="19" row="32" col="3" cloud="0" path="" />
		<data type="19" row="16" col="6" cloud="0" path="" />
		<data type="19" row="2" col="6" cloud="0" path="" />
		<data type="19" row="38" col="7" cloud="0" path="" />
		<data type="19" row="36" col="2" cloud="0" path="" />
		<data type="19" row="34" col="6" cloud="0" path="" />
		<data type="19" row="22" col="5" cloud="0" path="" />
		<data type="19" row="38" col="8" cloud="0" path="" />
		<data type="19" row="38" col="5" cloud="0" path="" />
		<data type="19" row="35" col="5" cloud="0" path="" />
		<data type="19" row="49" col="3" cloud="0" path="" />
		<data type="19" row="21" col="6" cloud="0" path="" />
		<data type="19" row="32" col="5" cloud="0" path="" />
		<data type="19" row="22" col="6" cloud="0" path="" />
		<data type="19" row="19" col="6" cloud="0" path="" />
		<data type="19" row="49" col="4" cloud="0" path="" />
		<data type="19" row="37" col="2" cloud="0" path="" />
		<data type="19" row="17" col="7" cloud="0" path="" />
		<data type="19" row="34" col="7" cloud="0" path="" />
		<data type="19" row="23" col="5" cloud="0" path="" />
		<data type="19" row="8" col="7" cloud="0" path="" />
		<data type="19" row="16" col="7" cloud="0" path="" />
		<data type="19" row="18" col="7" cloud="0" path="" />
		<data type="19" row="1" col="5" cloud="0" path="" />
		<data type="19" row="5" col="6" cloud="0" path="" />
		<data type="19" row="24" col="5" cloud="0" path="" />
		<data type="19" row="48" col="8" cloud="0" path="" />
		<data type="19" row="7" col="6" cloud="0" path="" />
		<data type="19" row="20" col="7" cloud="0" path="" />
		<data type="19" row="7" col="7" cloud="0" path="" />
		<data type="19" row="8" col="8" cloud="0" path="" />
		<data type="19" row="23" col="4" cloud="0" path="" />
		<data type="19" row="16" col="8" cloud="0" path="" />
		<data type="19" row="4" col="3" cloud="0" path="" />
		<data type="19" row="18" col="8" cloud="0" path="" />
		<data type="19" row="52" col="5" cloud="0" path="" />
		<data type="19" row="47" col="3" cloud="0" path="" />
		<data type="19" row="6" col="6" cloud="0" path="" />
		<data type="19" row="4" col="7" cloud="0" path="" />
		<data type="19" row="5" col="7" cloud="0" path="" />
		<data type="19" row="6" col="7" cloud="0" path="" />
		<data type="19" row="32" col="7" cloud="0" path="" />
		<data type="19" row="8" col="3" cloud="0" path="" />
		<data type="19" row="17" col="8" cloud="0" path="" />
		<data type="19" row="17" col="6" cloud="0" path="" />
		<data type="19" row="64" col="3" cloud="0" path="" />
		<data type="19" row="32" col="8" cloud="0" path="" />
		<data type="19" row="52" col="2" cloud="0" path="" />
		<data type="19" row="64" col="4" cloud="0" path="" />
		<data type="19" row="63" col="3" cloud="0" path="" />
		<data type="19" row="22" col="4" cloud="0" path="" />
		<data type="19" row="46" col="8" cloud="0" path="" />
		<data type="19" row="38" col="4" cloud="0" path="" />
		<data type="19" row="38" col="6" cloud="0" path="" />
		<data type="19" row="32" col="4" cloud="0" path="" />
		<data type="19" row="59" col="5" cloud="0" path="" />
		<data type="19" row="65" col="3" cloud="0" path="" />
		<data type="19" row="62" col="7" cloud="0" path="" />
		<data type="19" row="38" col="2" cloud="0" path="" />
		<data type="19" row="32" col="6" cloud="0" path="" />
		<data type="19" row="49" col="2" cloud="0" path="" />
		<data type="19" row="60" col="6" cloud="0" path="" />
		<data type="19" row="48" col="2" cloud="0" path="" />
		<data type="19" row="50" col="2" cloud="0" path="" />
		<data type="19" row="59" col="4" cloud="0" path="" />
		<data type="19" row="8" col="5" cloud="0" path="" />
		<data type="19" row="6" col="3" cloud="0" path="" />
		<data type="19" row="5" col="2" cloud="0" path="" />
		<data type="19" row="61" col="6" cloud="0" path="" />
	</bubbles>
	<info bubbleNum="45" type="4" start1="10000" start2="200000" start3="350000" colors="1111000" />
</include>