<?xml version="1.0" encoding="UTF-8"?>
<include>
	<bubbles>
		<data type="13" row="23" col="1" cloud="0" path="" />
		<data type="13" row="18" col="4" cloud="0" path="" />
		<data type="13" row="14" col="6" cloud="0" path="" />
		<data type="13" row="9" col="8" cloud="0" path="" />
		<data type="19" row="24" col="2" cloud="0" path="" />
		<data type="10" row="17" col="8" cloud="0" path="" />
		<data type="19" row="25" col="4" cloud="0" path="" />
		<data type="26" row="18" col="7" cloud="0" path="" />
		<data type="19" row="19" col="7" cloud="0" path="" />
		<data type="19" row="29" col="3" cloud="0" path="" />
		<data type="19" row="14" col="4" cloud="8" path="" />
		<data type="19" row="21" col="7" cloud="8" path="" />
		<data type="26" row="26" col="3" cloud="0" path="" />
		<data type="19" row="26" col="9" cloud="0" path="" />
		<data type="19" row="27" col="1" cloud="0" path="" />
		<data type="26" row="3" col="8" cloud="0" path="" />
		<data type="19" row="25" col="1" cloud="8" path="" />
		<data type="19" row="23" col="7" cloud="0" path="" />
		<data type="26" row="8" col="6" cloud="0" path="" />
		<data type="26" row="25" col="3" cloud="0" path="" />
		<data type="19" row="28" col="1" cloud="0" path="" />
		<data type="26" row="20" col="6" cloud="0" path="" />
		<data type="19" row="22" col="4" cloud="8" path="" />
		<data type="10" row="29" col="2" cloud="0" path="" />
		<data type="19" row="7" col="8" cloud="8" path="" />
		<data type="26" row="13" col="9" cloud="0" path="" />
		<data type="9" row="19" col="5" cloud="0" path="" />
		<data type="9" row="11" col="9" cloud="0" path="" />
		<data type="19" row="25" col="2" cloud="0" path="" />
		<data type="26" row="12" col="7" cloud="0" path="" />
		<data type="19" row="19" col="1" cloud="0" path="" />
		<data type="19" row="29" col="0" cloud="0" path="" />
		<data type="26" row="6" col="7" cloud="0" path="" />
		<data type="19" row="20" col="10" cloud="0" path="" />
		<data type="19" row="26" col="6" cloud="0" path="" />
		<data type="10" row="9" col="5" cloud="0" path="" />
		<data type="26" row="16" col="8" cloud="0" path="" />
		<data type="19" row="24" col="3" cloud="8" path="" />
		<data type="19" row="15" col="9" cloud="0" path="" />
		<data type="10" row="20" col="7" cloud="0" path="" />
		<data type="19" row="23" col="3" cloud="0" path="" />
		<data type="26" row="20" col="0" cloud="0" path="" />
		<data type="26" row="15" col="8" cloud="0" path="" />
		<data type="26" row="12" col="10" cloud="0" path="" />
		<data type="9" row="16" col="6" cloud="0" path="" />
		<data type="19" row="30" col="2" cloud="8" path="" />
		<data type="26" row="16" col="2" cloud="0" path="" />
		<data type="26" row="19" col="6" cloud="0" path="" />
		<data type="26" row="4" col="8" cloud="0" path="" />
		<data type="26" row="15" col="2" cloud="0" path="" />
		<data type="26" row="11" col="6" cloud="0" path="" />
		<data type="9" row="16" col="3" cloud="0" path="" />
		<data type="19" row="27" col="4" cloud="8" path="" />
		<data type="26" row="12" col="8" cloud="0" path="" />
		<data type="26" row="11" col="4" cloud="0" path="" />
		<data type="26" row="12" col="4" cloud="0" path="" />
		<data type="9" row="15" col="4" cloud="0" path="" />
		<data type="19" row="24" col="5" cloud="8" path="" />
		<data type="10" row="23" col="5" cloud="0" path="" />
		<data type="26" row="30" col="1" cloud="0" path="" />
		<data type="19" row="8" col="10" cloud="8" path="" />
		<data type="19" row="23" col="8" cloud="0" path="" />
		<data type="26" row="23" col="4" cloud="0" path="" />
		<data type="19" row="20" col="9" cloud="0" path="" />
		<data type="19" row="26" col="7" cloud="0" path="" />
		<data type="26" row="19" col="0" cloud="0" path="" />
		<data type="26" row="2" col="9" cloud="0" path="" />
		<data type="19" row="16" col="7" cloud="8" path="" />
		<data type="19" row="24" col="6" cloud="8" path="" />
		<data type="26" row="21" col="5" cloud="0" path="" />
		<data type="9" row="20" col="5" cloud="0" path="" />
		<data type="26" row="0" col="10" cloud="0" path="" />
		<data type="19" row="16" col="5" cloud="0" path="" />
		<data type="26" row="10" col="5" cloud="0" path="" />
		<data type="19" row="12" col="6" cloud="8" path="" />
		<data type="19" row="21" col="6" cloud="8" path="" />
		<data type="19" row="26" col="2" cloud="0" path="" />
		<data type="19" row="20" col="4" cloud="8" path="" />
		<data type="19" row="29" col="9" cloud="0" path="" />
		<data type="19" row="8" col="9" cloud="0" path="" />
		<data type="19" row="6" col="9" cloud="0" path="" />
		<data type="19" row="23" col="6" cloud="0" path="" />
		<data type="19" row="26" col="8" cloud="0" path="" />
		<data type="19" row="23" col="9" cloud="0" path="" />
		<data type="19" row="21" col="4" cloud="0" path="" />
		<data type="26" row="22" col="5" cloud="0" path="" />
		<data type="19" row="22" col="6" cloud="0" path="" />
		<data type="19" row="22" col="2" cloud="0" path="" />
		<data type="19" row="18" col="8" cloud="8" path="" />
		<data type="26" row="28" col="2" cloud="0" path="" />
		<data type="19" row="5" col="9" cloud="0" path="" />
		<data type="19" row="7" col="9" cloud="8" path="" />
		<data type="19" row="30" col="0" cloud="0" path="" />
		<data type="19" row="18" col="9" cloud="8" path="" />
		<data type="19" row="14" col="8" cloud="8" path="" />
		<data type="19" row="26" col="5" cloud="0" path="" />
		<data type="26" row="18" col="1" cloud="0" path="" />
		<data type="19" row="29" col="8" cloud="0" path="" />
		<data type="19" row="29" col="7" cloud="0" path="" />
		<data type="19" row="13" col="7" cloud="8" path="" />
		<data type="19" row="4" col="10" cloud="0" path="" />
		<data type="19" row="7" col="7" cloud="8" path="" />
		<data type="19" row="13" col="4" cloud="8" path="" />
		<data type="9" row="11" col="7" cloud="0" path="" />
		<data type="26" row="17" col="7" cloud="0" path="" />
		<data type="26" row="27" col="2" cloud="0" path="" />
		<data type="19" row="20" col="1" cloud="8" path="" />
		<data type="19" row="15" col="7" cloud="8" path="" />
		<data type="19" row="25" col="0" cloud="0" path="" />
		<data type="9" row="18" col="6" cloud="0" path="" />
		<data type="19" row="29" col="5" cloud="0" path="" />
		<data type="9" row="9" col="6" cloud="0" path="" />
		<data type="26" row="1" col="9" cloud="0" path="" />
		<data type="10" row="13" col="3" cloud="0" path="" />
		<data type="26" row="12" col="9" cloud="0" path="" />
		<data type="26" row="7" col="6" cloud="0" path="" />
		<data type="26" row="24" col="4" cloud="0" path="" />
		<data type="19" row="17" col="9" cloud="0" path="" />
		<data type="19" row="20" col="8" cloud="0" path="" />
		<data type="9" row="15" col="3" cloud="0" path="" />
		<data type="19" row="27" col="3" cloud="8" path="" />
		<data type="19" row="16" col="9" cloud="8" path="" />
		<data type="19" row="29" col="4" cloud="0" path="" />
		<data type="19" row="20" col="3" cloud="0" path="" />
		<data type="19" row="29" col="6" cloud="0" path="" />
		<data type="10" row="26" col="4" cloud="0" path="" />
		<data type="10" row="17" col="1" cloud="0" path="" />
		<data type="19" row="28" col="3" cloud="0" path="" />
		<data type="26" row="5" col="7" cloud="0" path="" />
		<data type="19" row="19" col="2" cloud="8" path="" />
		<data type="26" row="14" col="3" cloud="0" path="" />
		<data type="9" row="17" col="2" cloud="0" path="" />
		<data type="26" row="14" col="9" cloud="0" path="" />
		<data type="9" row="18" col="2" cloud="0" path="" />
		<data type="19" row="21" col="0" cloud="0" path="" />
		<data type="19" row="26" col="10" cloud="0" path="" />
		<data type="9" row="17" col="6" cloud="0" path="" />
		<data type="19" row="12" col="5" cloud="8" path="" />
		<data type="19" row="30" col="3" cloud="8" path="" />
		<data type="26" row="29" col="1" cloud="0" path="" />
		<data type="19" row="10" col="9" cloud="0" path="" />
		<data type="26" row="10" col="6" cloud="0" path="" />
	</bubbles>
	<info bubbleNum="42" type="4" start1="7000" start2="52000" start3="75000" colors="1110000" />
</include>