<?xml version="1.0" encoding="UTF-8"?>
<include>
	<bubbles>
		<data type="13" row="34" col="5" cloud="0" path="" />
		<data type="13" row="20" col="2" cloud="0" path="" />
		<data type="13" row="4" col="7" cloud="0" path="" />
		<data type="9" row="7" col="8" cloud="0" path="" />
		<data type="19" row="0" col="5" cloud="8" path="" />
		<data type="9" row="3" col="8" cloud="0" path="" />
		<data type="19" row="16" col="5" cloud="0" path="" />
		<data type="9" row="1" col="8" cloud="0" path="" />
		<data type="9" row="5" col="8" cloud="0" path="" />
		<data type="19" row="38" col="5" cloud="0" path="" />
		<data type="9" row="36" col="7" cloud="0" path="" />
		<data type="19" row="5" col="1" cloud="0" path="" />
		<data type="19" row="24" col="5" cloud="0" path="" />
		<data type="19" row="38" col="6" cloud="0" path="" />
		<data type="19" row="8" col="6" cloud="0" path="" />
		<data type="19" row="36" col="6" cloud="0" path="" />
		<data type="19" row="6" col="10" cloud="8" path="" />
		<data type="9" row="5" col="3" cloud="0" path="" />
		<data type="19" row="35" col="7" cloud="8" path="" />
		<data type="19" row="20" col="4" cloud="0" path="" />
		<data type="9" row="2" col="7" cloud="0" path="" />
		<data type="19" row="36" col="8" cloud="0" path="" />
		<data type="19" row="1" col="9" cloud="8" path="" />
		<data type="19" row="2" col="3" cloud="8" path="" />
		<data type="19" row="2" col="5" cloud="0" path="" />
		<data type="9" row="4" col="10" cloud="0" path="" />
		<data type="19" row="3" col="2" cloud="8" path="" />
		<data type="9" row="6" col="8" cloud="0" path="" />
		<data type="19" row="17" col="5" cloud="0" path="" />
		<data type="19" row="34" col="2" cloud="8" path="" />
		<data type="9" row="7" col="6" cloud="0" path="" />
		<data type="19" row="18" col="6" cloud="0" path="" />
		<data type="19" row="38" col="4" cloud="0" path="" />
		<data type="19" row="32" col="6" cloud="0" path="" />
		<data type="19" row="5" col="4" cloud="0" path="" />
		<data type="19" row="22" col="1" cloud="8" path="" />
		<data type="9" row="36" col="3" cloud="0" path="" />
		<data type="19" row="1" col="5" cloud="8" path="" />
		<data type="19" row="7" col="5" cloud="8" path="" />
		<data type="19" row="19" col="0" cloud="0" path="" />
		<data type="19" row="20" col="6" cloud="0" path="" />
		<data type="19" row="32" col="8" cloud="0" path="" />
		<data type="9" row="4" col="9" cloud="0" path="" />
		<data type="19" row="37" col="3" cloud="0" path="" />
		<data type="19" row="36" col="4" cloud="0" path="" />
		<data type="9" row="6" col="7" cloud="0" path="" />
		<data type="9" row="6" col="9" cloud="0" path="" />
		<data type="19" row="24" col="4" cloud="0" path="" />
		<data type="9" row="7" col="7" cloud="0" path="" />
		<data type="19" row="21" col="5" cloud="0" path="" />
		<data type="19" row="7" col="4" cloud="0" path="" />
		<data type="19" row="2" col="2" cloud="0" path="" />
		<data type="19" row="33" col="7" cloud="8" path="" />
		<data type="19" row="20" col="5" cloud="0" path="" />
		<data type="9" row="2" col="9" cloud="0" path="" />
		<data type="19" row="20" col="0" cloud="0" path="" />
		<data type="19" row="20" col="7" cloud="0" path="" />
		<data type="19" row="31" col="5" cloud="0" path="" />
		<data type="19" row="5" col="0" cloud="0" path="" />
		<data type="19" row="22" col="6" cloud="0" path="" />
		<data type="9" row="1" col="7" cloud="0" path="" />
		<data type="19" row="31" col="6" cloud="8" path="" />
		<data type="19" row="23" col="5" cloud="0" path="" />
		<data type="19" row="21" col="6" cloud="0" path="" />
		<data type="19" row="6" col="2" cloud="0" path="" />
		<data type="9" row="6" col="6" cloud="0" path="" />
		<data type="9" row="2" col="6" cloud="0" path="" />
		<data type="19" row="5" col="2" cloud="8" path="" />
		<data type="19" row="8" col="1" cloud="0" path="" />
		<data type="19" row="8" col="8" cloud="0" path="" />
		<data type="19" row="31" col="4" cloud="0" path="" />
		<data type="9" row="23" col="2" cloud="0" path="" />
		<data type="9" row="2" col="8" cloud="0" path="" />
		<data type="19" row="7" col="9" cloud="8" path="" />
		<data type="9" row="1" col="6" cloud="0" path="" />
		<data type="19" row="6" col="5" cloud="0" path="" />
		<data type="19" row="30" col="4" cloud="8" path="" />
		<data type="19" row="6" col="3" cloud="8" path="" />
		<data type="9" row="3" col="9" cloud="0" path="" />
		<data type="19" row="0" col="6" cloud="0" path="" />
		<data type="19" row="32" col="4" cloud="0" path="" />
		<data type="19" row="1" col="4" cloud="0" path="" />
		<data type="19" row="19" col="3" cloud="0" path="" />
		<data type="19" row="7" col="1" cloud="0" path="" />
		<data type="19" row="23" col="0" cloud="8" path="" />
		<data type="9" row="5" col="9" cloud="0" path="" />
		<data type="19" row="8" col="7" cloud="8" path="" />
		<data type="19" row="31" col="3" cloud="8" path="" />
		<data type="19" row="3" col="4" cloud="0" path="" />
		<data type="9" row="23" col="1" cloud="0" path="" />
		<data type="19" row="19" col="6" cloud="0" path="" />
		<data type="19" row="22" col="2" cloud="0" path="" />
		<data type="19" row="23" col="4" cloud="0" path="" />
		<data type="19" row="23" col="3" cloud="8" path="" />
		<data type="19" row="30" col="6" cloud="8" path="" />
		<data type="19" row="0" col="9" cloud="8" path="" />
		<data type="19" row="36" col="2" cloud="0" path="" />
		<data type="19" row="2" col="4" cloud="8" path="" />
		<data type="19" row="34" col="9" cloud="0" path="" />
		<data type="9" row="32" col="3" cloud="0" path="" />
		<data type="19" row="0" col="7" cloud="8" path="" />
		<data type="19" row="21" col="3" cloud="0" path="" />
		<data type="19" row="17" col="4" cloud="0" path="" />
		<data type="19" row="30" col="5" cloud="0" path="" />
		<data type="19" row="8" col="9" cloud="8" path="" />
		<data type="9" row="32" col="7" cloud="0" path="" />
		<data type="19" row="18" col="3" cloud="8" path="" />
		<data type="19" row="22" col="5" cloud="0" path="" />
		<data type="19" row="37" col="6" cloud="0" path="" />
		<data type="19" row="3" col="0" cloud="0" path="" />
		<data type="19" row="18" col="2" cloud="0" path="" />
		<data type="19" row="2" col="10" cloud="8" path="" />
		<data type="19" row="16" col="4" cloud="0" path="" />
		<data type="19" row="32" col="5" cloud="8" path="" />
		<data type="19" row="37" col="5" cloud="8" path="" />
		<data type="19" row="37" col="4" cloud="8" path="" />
		<data type="19" row="1" col="1" cloud="0" path="" />
		<data type="9" row="17" col="1" cloud="0" path="" />
		<data type="19" row="3" col="1" cloud="0" path="" />
		<data type="19" row="33" col="8" cloud="0" path="" />
		<data type="19" row="19" col="5" cloud="0" path="" />
		<data type="19" row="35" col="2" cloud="8" path="" />
		<data type="19" row="22" col="0" cloud="0" path="" />
		<data type="19" row="0" col="8" cloud="0" path="" />
		<data type="19" row="36" col="5" cloud="8" path="" />
		<data type="19" row="8" col="5" cloud="8" path="" />
		<data type="19" row="21" col="0" cloud="0" path="" />
		<data type="19" row="35" col="8" cloud="0" path="" />
		<data type="19" row="33" col="1" cloud="0" path="" />
		<data type="19" row="22" col="3" cloud="8" path="" />
		<data type="19" row="17" col="0" cloud="8" path="" />
		<data type="9" row="3" col="3" cloud="0" path="" />
		<data type="19" row="18" col="1" cloud="8" path="" />
		<data type="19" row="17" col="3" cloud="8" path="" />
		<data type="19" row="34" col="1" cloud="0" path="" />
		<data type="19" row="18" col="5" cloud="0" path="" />
		<data type="19" row="33" col="2" cloud="8" path="" />
		<data type="19" row="18" col="0" cloud="0" path="" />
		<data type="19" row="35" col="1" cloud="0" path="" />
		<data type="19" row="0" col="1" cloud="0" path="" />
		<data type="9" row="17" col="2" cloud="0" path="" />
		<data type="19" row="32" col="2" cloud="0" path="" />
		<data type="19" row="6" col="4" cloud="8" path="" />
		<data type="19" row="34" col="8" cloud="8" path="" />
	</bubbles>
	<info bubbleNum="26" type="4" start1="8000" start2="58000" start3="83000" colors="1111000" />
</include>