<?xml version="1.0" encoding="UTF-8"?>
<include>
	<bubbles>
		<data type="18" row="4" col="5" cloud="0" path="" />
		<data type="17" row="9" col="2" cloud="0" path="" />
		<data type="17" row="9" col="7" cloud="0" path="" />
		<data type="16" row="14" col="9" cloud="0" path="" />
		<data type="16" row="14" col="1" cloud="0" path="" />
		<data type="19" row="15" col="6" cloud="0" path="" />
		<data type="3" row="15" col="1" cloud="0" path="" />
		<data type="19" row="14" col="6" cloud="0" path="" />
		<data type="19" row="8" col="3" cloud="0" path="" />
		<data type="19" row="0" col="6" cloud="0" path="" />
		<data type="19" row="1" col="6" cloud="0" path="" />
		<data type="19" row="5" col="6" cloud="0" path="" />
		<data type="19" row="17" col="5" cloud="0" path="" />
		<data type="19" row="16" col="6" cloud="0" path="" />
		<data type="19" row="0" col="3" cloud="0" path="" />
		<data type="19" row="14" col="4" cloud="0" path="" />
		<data type="19" row="16" col="4" cloud="0" path="" />
		<data type="19" row="8" col="2" cloud="0" path="" />
		<data type="3" row="3" col="3" cloud="0" path="" />
		<data type="19" row="7" col="2" cloud="0" path="" />
		<data type="3" row="6" col="6" cloud="0" path="" />
		<data type="19" row="10" col="5" cloud="0" path="" />
		<data type="19" row="0" col="7" cloud="0" path="" />
		<data type="0" row="11" col="4" cloud="0" path="" />
		<data type="19" row="8" col="5" cloud="0" path="" />
		<data type="0" row="3" col="6" cloud="0" path="" />
		<data type="2" row="18" col="0" cloud="0" path="" />
		<data type="19" row="11" col="5" cloud="0" path="" />
		<data type="2" row="7" col="3" cloud="0" path="" />
		<data type="0" row="17" col="1" cloud="0" path="" />
		<data type="19" row="15" col="4" cloud="0" path="" />
		<data type="19" row="17" col="4" cloud="0" path="" />
		<data type="19" row="9" col="4" cloud="0" path="" />
		<data type="19" row="7" col="4" cloud="0" path="" />
		<data type="19" row="11" col="8" cloud="0" path="" />
		<data type="1" row="15" col="9" cloud="0" path="" />
		<data type="19" row="8" col="4" cloud="0" path="" />
		<data type="19" row="10" col="10" cloud="0" path="" />
		<data type="19" row="1" col="3" cloud="0" path="" />
		<data type="19" row="8" col="6" cloud="0" path="" />
		<data type="19" row="11" col="3" cloud="0" path="" />
		<data type="19" row="18" col="4" cloud="0" path="" />
		<data type="19" row="2" col="3" cloud="0" path="" />
		<data type="1" row="11" col="1" cloud="0" path="" />
		<data type="19" row="11" col="9" cloud="0" path="" />
		<data type="19" row="7" col="5" cloud="0" path="" />
		<data type="0" row="12" col="5" cloud="0" path="" />
		<data type="19" row="9" col="5" cloud="0" path="" />
		<data type="1" row="11" col="2" cloud="0" path="" />
		<data type="3" row="13" col="7" cloud="0" path="" />
		<data type="3" row="4" col="3" cloud="0" path="" />
		<data type="1" row="15" col="8" cloud="0" path="" />
		<data type="0" row="2" col="7" cloud="0" path="" />
		<data type="0" row="8" col="1" cloud="0" path="" />
		<data type="19" row="0" col="5" cloud="0" path="" />
		<data type="1" row="8" col="9" cloud="0" path="" />
		<data type="2" row="17" col="0" cloud="0" path="" />
		<data type="19" row="6" col="10" cloud="0" path="" />
		<data type="19" row="11" col="6" cloud="0" path="" />
		<data type="3" row="7" col="6" cloud="0" path="" />
		<data type="19" row="13" col="6" cloud="0" path="" />
		<data type="2" row="13" col="9" cloud="0" path="" />
		<data type="19" row="11" col="7" cloud="0" path="" />
		<data type="19" row="11" col="0" cloud="0" path="" />
		<data type="19" row="4" col="7" cloud="0" path="" />
		<data type="19" row="15" col="5" cloud="0" path="" />
		<data type="1" row="13" col="1" cloud="0" path="" />
		<data type="19" row="8" col="7" cloud="0" path="" />
		<data type="19" row="1" col="2" cloud="0" path="" />
		<data type="19" row="1" col="5" cloud="0" path="" />
		<data type="19" row="7" col="9" cloud="0" path="" />
		<data type="19" row="0" col="4" cloud="0" path="" />
		<data type="2" row="13" col="8" cloud="0" path="" />
		<data type="19" row="18" col="6" cloud="0" path="" />
		<data type="19" row="6" col="8" cloud="0" path="" />
		<data type="19" row="6" col="0" cloud="0" path="" />
		<data type="19" row="13" col="5" cloud="0" path="" />
		<data type="19" row="15" col="7" cloud="0" path="" />
		<data type="2" row="17" col="9" cloud="0" path="" />
		<data type="3" row="12" col="7" cloud="0" path="" />
		<data type="19" row="7" col="7" cloud="0" path="" />
		<data type="1" row="8" col="8" cloud="0" path="" />
		<data type="19" row="13" col="0" cloud="0" path="" />
		<data type="19" row="16" col="8" cloud="0" path="" />
		<data type="19" row="1" col="7" cloud="0" path="" />
		<data type="19" row="15" col="3" cloud="0" path="" />
		<data type="19" row="18" col="2" cloud="0" path="" />
		<data type="19" row="0" col="2" cloud="0" path="" />
		<data type="0" row="17" col="8" cloud="0" path="" />
		<data type="19" row="0" col="8" cloud="0" path="" />
		<data type="0" row="18" col="8" cloud="0" path="" />
		<data type="19" row="15" col="2" cloud="0" path="" />
		<data type="19" row="1" col="4" cloud="0" path="" />
		<data type="19" row="5" col="3" cloud="0" path="" />
		<data type="3" row="15" col="0" cloud="0" path="" />
		<data type="0" row="16" col="2" cloud="0" path="" />
		<data type="19" row="18" col="10" cloud="0" path="" />
		<data type="2" row="6" col="4" cloud="0" path="" />
		<data type="2" row="16" col="10" cloud="0" path="" />
		<data type="19" row="13" col="3" cloud="0" path="" />
		<data type="0" row="7" col="0" cloud="0" path="" />
		<data type="19" row="6" col="2" cloud="0" path="" />
		<data type="19" row="12" col="3" cloud="0" path="" />
		<data type="19" row="10" col="0" cloud="0" path="" />
		<data type="1" row="13" col="2" cloud="0" path="" />
		<data type="19" row="13" col="4" cloud="0" path="" />
		<data type="19" row="16" col="0" cloud="0" path="" />
	</bubbles>
	<info bubbleNum="40" type="2" start1="15000" start2="60000" start3="100000" colors="1111000" />
</include>