<?xml version="1.0" encoding="UTF-8"?>
<include>
	<bubbles>
		<data type="13" row="31" col="2" cloud="0" path="" />
		<data type="13" row="26" col="7" cloud="0" path="" />
		<data type="13" row="10" col="4" cloud="0" path="" />
		<data type="13" row="2" col="7" cloud="0" path="" />
		<data type="19" row="26" col="9" cloud="8" path="" />
		<data type="19" row="8" col="2" cloud="8" path="" />
		<data type="19" row="18" col="8" cloud="8" path="" />
		<data type="19" row="7" col="7" cloud="8" path="" />
		<data type="0" row="18" col="6" cloud="0" path="" />
		<data type="19" row="21" col="0" cloud="0" path="" />
		<data type="19" row="28" col="5" cloud="0" path="" />
		<data type="26" row="20" col="5" cloud="0" path="" />
		<data type="19" row="21" col="2" cloud="8" path="" />
		<data type="19" row="14" col="5" cloud="0" path="" />
		<data type="19" row="27" col="5" cloud="8" path="" />
		<data type="19" row="23" col="2" cloud="0" path="" />
		<data type="19" row="10" col="6" cloud="8" path="" />
		<data type="19" row="13" col="4" cloud="8" path="" />
		<data type="26" row="5" col="6" cloud="0" path="" />
		<data type="19" row="29" col="7" cloud="8" path="" />
		<data type="19" row="8" col="4" cloud="8" path="" />
		<data type="19" row="18" col="2" cloud="0" path="" />
		<data type="19" row="28" col="3" cloud="0" path="" />
		<data type="26" row="12" col="4" cloud="0" path="" />
		<data type="26" row="5" col="5" cloud="0" path="" />
		<data type="19" row="10" col="2" cloud="8" path="" />
		<data type="19" row="24" col="8" cloud="8" path="" />
		<data type="19" row="25" col="4" cloud="8" path="" />
		<data type="19" row="17" col="7" cloud="8" path="" />
		<data type="19" row="12" col="3" cloud="8" path="" />
		<data type="19" row="9" col="6" cloud="8" path="" />
		<data type="19" row="5" col="3" cloud="8" path="" />
		<data type="26" row="5" col="4" cloud="0" path="" />
		<data type="19" row="19" col="8" cloud="0" path="" />
		<data type="19" row="28" col="9" cloud="8" path="" />
		<data type="19" row="7" col="4" cloud="8" path="" />
		<data type="19" row="2" col="5" cloud="8" path="" />
		<data type="19" row="33" col="5" cloud="0" path="" />
		<data type="19" row="32" col="7" cloud="0" path="" />
		<data type="19" row="22" col="7" cloud="8" path="" />
		<data type="19" row="20" col="1" cloud="0" path="" />
		<data type="26" row="16" col="9" cloud="0" path="" />
		<data type="19" row="33" col="2" cloud="0" path="" />
		<data type="19" row="12" col="6" cloud="8" path="" />
		<data type="19" row="30" col="5" cloud="0" path="" />
		<data type="19" row="25" col="3" cloud="0" path="" />
		<data type="19" row="11" col="2" cloud="8" path="" />
		<data type="26" row="23" col="3" cloud="0" path="" />
		<data type="19" row="5" col="8" cloud="8" path="" />
		<data type="19" row="14" col="4" cloud="0" path="" />
		<data type="19" row="19" col="6" cloud="0" path="" />
		<data type="19" row="27" col="2" cloud="0" path="" />
		<data type="19" row="22" col="1" cloud="0" path="" />
		<data type="19" row="32" col="4" cloud="0" path="" />
		<data type="19" row="0" col="7" cloud="8" path="" />
		<data type="19" row="33" col="4" cloud="0" path="" />
		<data type="19" row="29" col="5" cloud="0" path="" />
		<data type="19" row="31" col="7" cloud="0" path="" />
		<data type="19" row="8" col="5" cloud="8" path="" />
		<data type="19" row="19" col="3" cloud="8" path="" />
		<data type="19" row="0" col="6" cloud="8" path="" />
		<data type="19" row="6" col="8" cloud="8" path="" />
		<data type="19" row="4" col="4" cloud="8" path="" />
		<data type="26" row="30" col="4" cloud="0" path="" />
		<data type="19" row="6" col="4" cloud="8" path="" />
		<data type="26" row="15" col="8" cloud="0" path="" />
		<data type="19" row="3" col="4" cloud="8" path="" />
		<data type="19" row="0" col="8" cloud="8" path="" />
		<data type="19" row="23" col="1" cloud="0" path="" />
		<data type="19" row="19" col="1" cloud="0" path="" />
		<data type="0" row="18" col="5" cloud="0" path="" />
		<data type="19" row="31" col="4" cloud="0" path="" />
		<data type="26" row="22" col="4" cloud="0" path="" />
		<data type="19" row="1" col="8" cloud="8" path="" />
		<data type="26" row="7" col="6" cloud="0" path="" />
		<data type="19" row="16" col="5" cloud="0" path="" />
		<data type="19" row="22" col="2" cloud="8" path="" />
		<data type="19" row="24" col="6" cloud="8" path="" />
		<data type="19" row="1" col="5" cloud="8" path="" />
		<data type="19" row="18" col="9" cloud="0" path="" />
		<data type="26" row="21" col="4" cloud="0" path="" />
		<data type="19" row="3" col="9" cloud="8" path="" />
		<data type="19" row="20" col="8" cloud="8" path="" />
		<data type="19" row="30" col="8" cloud="0" path="" />
		<data type="26" row="5" col="7" cloud="0" path="" />
		<data type="19" row="14" col="7" cloud="0" path="" />
		<data type="19" row="33" col="3" cloud="0" path="" />
		<data type="19" row="9" col="1" cloud="8" path="" />
		<data type="19" row="27" col="9" cloud="8" path="" />
		<data type="19" row="18" col="3" cloud="0" path="" />
		<data type="19" row="11" col="6" cloud="8" path="" />
		<data type="0" row="17" col="5" cloud="0" path="" />
		<data type="19" row="33" col="1" cloud="0" path="" />
		<data type="19" row="21" col="7" cloud="8" path="" />
		<data type="19" row="9" col="5" cloud="8" path="" />
		<data type="19" row="20" col="3" cloud="8" path="" />
		<data type="19" row="26" col="5" cloud="8" path="" />
		<data type="19" row="24" col="7" cloud="8" path="" />
		<data type="19" row="8" col="3" cloud="8" path="" />
		<data type="19" row="28" col="6" cloud="0" path="" />
		<data type="26" row="7" col="5" cloud="0" path="" />
		<data type="26" row="29" col="3" cloud="0" path="" />
		<data type="19" row="28" col="4" cloud="0" path="" />
		<data type="19" row="29" col="1" cloud="0" path="" />
		<data type="19" row="15" col="4" cloud="0" path="" />
		<data type="19" row="24" col="5" cloud="8" path="" />
		<data type="19" row="8" col="7" cloud="8" path="" />
		<data type="19" row="8" col="1" cloud="8" path="" />
		<data type="19" row="23" col="6" cloud="8" path="" />
		<data type="19" row="25" col="8" cloud="8" path="" />
		<data type="19" row="31" col="0" cloud="0" path="" />
		<data type="26" row="12" col="5" cloud="0" path="" />
		<data type="19" row="18" col="4" cloud="0" path="" />
		<data type="19" row="30" col="3" cloud="0" path="" />
		<data type="19" row="13" col="5" cloud="8" path="" />
		<data type="26" row="17" col="9" cloud="0" path="" />
		<data type="19" row="29" col="6" cloud="8" path="" />
		<data type="19" row="32" col="3" cloud="0" path="" />
		<data type="19" row="29" col="8" cloud="8" path="" />
		<data type="19" row="33" col="6" cloud="0" path="" />
		<data type="26" row="25" col="5" cloud="0" path="" />
		<data type="19" row="14" col="6" cloud="0" path="" />
		<data type="19" row="19" col="7" cloud="0" path="" />
		<data type="19" row="13" col="3" cloud="8" path="" />
		<data type="19" row="16" col="7" cloud="8" path="" />
		<data type="19" row="26" col="3" cloud="0" path="" />
		<data type="19" row="28" col="2" cloud="0" path="" />
		<data type="19" row="15" col="6" cloud="8" path="" />
		<data type="19" row="4" col="9" cloud="8" path="" />
		<data type="0" row="19" col="5" cloud="0" path="" />
		<data type="19" row="2" col="9" cloud="8" path="" />
		<data type="26" row="14" col="8" cloud="0" path="" />
	</bubbles>
	<info bubbleNum="35" type="4" start1="9000" start2="68000" start3="98000" colors="1111000" />
</include>