<?xml version="1.0" encoding="UTF-8"?>
<include>
	<bubbles>
		<data type="16" row="16" col="2" cloud="0" path="" />
		<data type="16" row="16" col="5" cloud="0" path="" />
		<data type="16" row="16" col="8" cloud="0" path="" />
		<data type="17" row="10" col="2" cloud="0" path="" />
		<data type="16" row="7" col="4" cloud="0" path="" />
		<data type="16" row="6" col="6" cloud="0" path="" />
		<data type="16" row="5" col="7" cloud="0" path="" />
		<data type="16" row="4" col="9" cloud="0" path="" />
		<data type="16" row="2" col="7" cloud="0" path="" />
		<data type="19" row="19" col="5" cloud="0" path="" />
		<data type="19" row="11" col="5" cloud="0" path="" />
		<data type="19" row="20" col="5" cloud="8" path="" />
		<data type="19" row="20" col="3" cloud="8" path="" />
		<data type="19" row="10" col="7" cloud="0" path="" />
		<data type="19" row="1" col="7" cloud="0" path="" />
		<data type="19" row="19" col="9" cloud="0" path="" />
		<data type="19" row="14" col="5" cloud="0" path="" />
		<data type="19" row="16" col="0" cloud="0" path="" />
		<data type="19" row="15" col="3" cloud="0" path="" />
		<data type="26" row="4" col="3" cloud="0" path="" />
		<data type="26" row="4" col="1" cloud="0" path="" />
		<data type="19" row="5" col="6" cloud="0" path="" />
		<data type="10" row="5" col="2" cloud="0" path="" />
		<data type="19" row="20" col="4" cloud="0" path="" />
		<data type="19" row="0" col="2" cloud="0" path="" />
		<data type="10" row="4" col="0" cloud="0" path="" />
		<data type="26" row="8" col="10" cloud="0" path="" />
		<data type="19" row="15" col="4" cloud="0" path="" />
		<data type="19" row="4" col="6" cloud="0" path="" />
		<data type="19" row="10" col="1" cloud="0" path="" />
		<data type="26" row="0" col="0" cloud="0" path="" />
		<data type="26" row="17" col="1" cloud="0" path="" />
		<data type="26" row="14" col="2" cloud="0" path="" />
		<data type="26" row="5" col="5" cloud="0" path="" />
		<data type="10" row="1" col="0" cloud="0" path="" />
		<data type="19" row="14" col="3" cloud="0" path="" />
		<data type="19" row="20" col="6" cloud="0" path="" />
		<data type="19" row="2" col="3" cloud="0" path="" />
		<data type="19" row="8" col="2" cloud="0" path="" />
		<data type="10" row="9" col="9" cloud="0" path="" />
		<data type="10" row="12" col="9" cloud="0" path="" />
		<data type="26" row="17" col="7" cloud="0" path="" />
		<data type="26" row="8" col="6" cloud="0" path="" />
		<data type="19" row="13" col="8" cloud="0" path="" />
		<data type="19" row="1" col="1" cloud="0" path="" />
		<data type="26" row="7" col="9" cloud="0" path="" />
		<data type="26" row="5" col="1" cloud="0" path="" />
		<data type="19" row="12" col="8" cloud="0" path="" />
		<data type="19" row="15" col="5" cloud="0" path="" />
		<data type="19" row="12" col="1" cloud="0" path="" />
		<data type="19" row="3" col="7" cloud="0" path="" />
		<data type="26" row="0" col="1" cloud="0" path="" />
		<data type="10" row="6" col="1" cloud="0" path="" />
		<data type="19" row="1" col="2" cloud="0" path="" />
		<data type="19" row="9" col="2" cloud="0" path="" />
		<data type="10" row="5" col="0" cloud="0" path="" />
		<data type="26" row="0" col="5" cloud="0" path="" />
		<data type="19" row="6" col="7" cloud="0" path="" />
		<data type="26" row="0" col="4" cloud="0" path="" />
		<data type="19" row="10" col="9" cloud="0" path="" />
		<data type="21" row="6" col="2" cloud="0" path="" />
		<data type="26" row="6" col="0" cloud="0" path="" />
		<data type="19" row="19" col="0" cloud="0" path="" />
		<data type="19" row="16" col="9" cloud="0" path="" />
		<data type="26" row="0" col="8" cloud="0" path="" />
		<data type="19" row="18" col="6" cloud="0" path="" />
		<data type="19" row="15" col="9" cloud="0" path="" />
		<data type="19" row="7" col="3" cloud="0" path="" />
		<data type="26" row="6" col="4" cloud="0" path="" />
		<data type="10" row="1" col="4" cloud="0" path="" />
		<data type="26" row="0" col="9" cloud="0" path="" />
		<data type="19" row="0" col="6" cloud="0" path="" />
		<data type="19" row="4" col="8" cloud="0" path="" />
		<data type="19" row="20" col="9" cloud="0" path="" />
		<data type="19" row="18" col="3" cloud="0" path="" />
		<data type="19" row="2" col="9" cloud="0" path="" />
		<data type="19" row="11" col="6" cloud="0" path="" />
		<data type="19" row="10" col="5" cloud="0" path="" />
		<data type="19" row="11" col="0" cloud="0" path="" />
		<data type="19" row="14" col="9" cloud="0" path="" />
		<data type="19" row="11" col="7" cloud="0" path="" />
		<data type="19" row="3" col="8" cloud="0" path="" />
		<data type="26" row="8" col="0" cloud="0" path="" />
		<data type="10" row="1" col="8" cloud="0" path="" />
		<data type="19" row="2" col="8" cloud="0" path="" />
		<data type="19" row="15" col="8" cloud="0" path="" />
		<data type="26" row="5" col="3" cloud="0" path="" />
		<data type="19" row="5" col="8" cloud="0" path="" />
		<data type="19" row="2" col="0" cloud="0" path="" />
		<data type="19" row="2" col="4" cloud="0" path="" />
		<data type="10" row="6" col="3" cloud="0" path="" />
		<data type="19" row="7" col="6" cloud="0" path="" />
		<data type="19" row="1" col="9" cloud="0" path="" />
		<data type="19" row="10" col="3" cloud="0" path="" />
		<data type="19" row="0" col="10" cloud="0" path="" />
		<data type="19" row="10" col="10" cloud="0" path="" />
		<data type="26" row="13" col="4" cloud="0" path="" />
		<data type="19" row="3" col="1" cloud="0" path="" />
		<data type="19" row="2" col="10" cloud="0" path="" />
		<data type="10" row="14" col="4" cloud="0" path="" />
		<data type="26" row="13" col="3" cloud="0" path="" />
		<data type="10" row="15" col="1" cloud="0" path="" />
		<data type="19" row="6" col="5" cloud="0" path="" />
		<data type="19" row="16" col="4" cloud="0" path="" />
		<data type="10" row="7" col="1" cloud="0" path="" />
		<data type="10" row="5" col="4" cloud="0" path="" />
		<data type="19" row="2" col="1" cloud="0" path="" />
		<data type="26" row="11" col="9" cloud="0" path="" />
		<data type="19" row="10" col="0" cloud="0" path="" />
		<data type="19" row="20" col="2" cloud="0" path="" />
		<data type="19" row="9" col="3" cloud="0" path="" />
		<data type="19" row="19" col="3" cloud="0" path="" />
		<data type="26" row="11" col="8" cloud="0" path="" />
		<data type="26" row="3" col="2" cloud="0" path="" />
		<data type="19" row="8" col="4" cloud="0" path="" />
		<data type="19" row="2" col="2" cloud="0" path="" />
		<data type="26" row="7" col="0" cloud="0" path="" />
		<data type="19" row="8" col="5" cloud="0" path="" />
		<data type="19" row="20" col="1" cloud="0" path="" />
		<data type="19" row="16" col="3" cloud="0" path="" />
		<data type="10" row="9" col="7" cloud="0" path="" />
		<data type="10" row="4" col="2" cloud="0" path="" />
		<data type="19" row="9" col="1" cloud="0" path="" />
		<data type="26" row="9" col="4" cloud="0" path="" />
		<data type="19" row="13" col="7" cloud="0" path="" />
		<data type="9" row="18" col="2" cloud="0" path="" />
		<data type="19" row="19" col="2" cloud="0" path="" />
		<data type="26" row="17" col="4" cloud="0" path="" />
		<data type="26" row="8" col="1" cloud="0" path="" />
		<data type="19" row="5" col="9" cloud="0" path="" />
		<data type="19" row="10" col="4" cloud="0" path="" />
		<data type="19" row="2" col="6" cloud="0" path="" />
		<data type="10" row="8" col="7" cloud="0" path="" />
		<data type="19" row="19" col="6" cloud="0" path="" />
		<data type="10" row="8" col="9" cloud="0" path="" />
		<data type="19" row="16" col="6" cloud="0" path="" />
		<data type="19" row="1" col="5" cloud="0" path="" />
		<data type="26" row="6" col="9" cloud="0" path="" />
		<data type="19" row="3" col="5" cloud="0" path="" />
		<data type="19" row="20" col="7" cloud="8" path="" />
		<data type="19" row="2" col="5" cloud="0" path="" />
		<data type="26" row="4" col="5" cloud="0" path="" />
		<data type="19" row="12" col="3" cloud="0" path="" />
		<data type="19" row="12" col="0" cloud="0" path="" />
		<data type="26" row="12" col="6" cloud="0" path="" />
		<data type="19" row="13" col="0" cloud="0" path="" />
		<data type="19" row="10" col="6" cloud="0" path="" />
		<data type="19" row="4" col="7" cloud="0" path="" />
		<data type="19" row="1" col="6" cloud="0" path="" />
		<data type="26" row="12" col="7" cloud="0" path="" />
		<data type="21" row="13" col="1" cloud="0" path="" />
		<data type="26" row="17" col="2" cloud="0" path="" />
		<data type="19" row="3" col="6" cloud="0" path="" />
		<data type="19" row="3" col="9" cloud="0" path="" />
		<data type="19" row="8" col="3" cloud="0" path="" />
		<data type="19" row="12" col="5" cloud="0" path="" />
		<data type="19" row="19" col="4" cloud="0" path="" />
		<data type="19" row="15" col="7" cloud="0" path="" />
		<data type="19" row="15" col="2" cloud="0" path="" />
		<data type="26" row="8" col="8" cloud="0" path="" />
		<data type="19" row="14" col="10" cloud="0" path="" />
		<data type="26" row="9" col="8" cloud="0" path="" />
		<data type="19" row="19" col="1" cloud="0" path="" />
		<data type="26" row="7" col="2" cloud="0" path="" />
		<data type="19" row="7" col="5" cloud="0" path="" />
		<data type="10" row="9" col="5" cloud="0" path="" />
		<data type="19" row="9" col="0" cloud="0" path="" />
		<data type="26" row="3" col="4" cloud="0" path="" />
		<data type="21" row="11" col="4" cloud="0" path="" />
		<data type="19" row="14" col="7" cloud="0" path="" />
		<data type="19" row="10" col="8" cloud="0" path="" />
		<data type="19" row="6" col="8" cloud="0" path="" />
		<data type="19" row="13" col="2" cloud="0" path="" />
		<data type="19" row="16" col="10" cloud="0" path="" />
		<data type="10" row="13" col="6" cloud="0" path="" />
		<data type="9" row="18" col="8" cloud="0" path="" />
		<data type="19" row="19" col="8" cloud="0" path="" />
		<data type="19" row="12" col="10" cloud="0" path="" />
		<data type="19" row="16" col="1" cloud="0" path="" />
		<data type="26" row="7" col="7" cloud="0" path="" />
		<data type="10" row="7" col="8" cloud="0" path="" />
		<data type="21" row="14" col="8" cloud="0" path="" />
		<data type="19" row="0" col="7" cloud="0" path="" />
		<data type="26" row="17" col="5" cloud="0" path="" />
		<data type="26" row="17" col="8" cloud="0" path="" />
		<data type="19" row="14" col="6" cloud="0" path="" />
		<data type="19" row="12" col="4" cloud="0" path="" />
		<data type="19" row="20" col="8" cloud="0" path="" />
		<data type="26" row="9" col="6" cloud="0" path="" />
		<data type="10" row="4" col="4" cloud="0" path="" />
		<data type="19" row="18" col="5" cloud="0" path="" />
		<data type="19" row="3" col="3" cloud="0" path="" />
		<data type="19" row="13" col="9" cloud="0" path="" />
		<data type="26" row="6" col="10" cloud="0" path="" />
		<data type="19" row="13" col="5" cloud="0" path="" />
		<data type="19" row="0" col="3" cloud="0" path="" />
		<data type="19" row="19" col="7" cloud="0" path="" />
		<data type="19" row="12" col="2" cloud="0" path="" />
		<data type="26" row="14" col="1" cloud="0" path="" />
		<data type="26" row="3" col="0" cloud="0" path="" />
		<data type="19" row="4" col="10" cloud="0" path="" />
		<data type="19" row="11" col="1" cloud="0" path="" />
		<data type="19" row="16" col="7" cloud="0" path="" />
		<data type="19" row="15" col="6" cloud="0" path="" />
		<data type="19" row="15" col="0" cloud="0" path="" />
		<data type="19" row="1" col="3" cloud="0" path="" />
	</bubbles>
	<info bubbleNum="35" type="2" start1="10000" start2="80000" start3="135000" colors="1111000" />
</include>