<?xml version="1.0" encoding="UTF-8"?>
<include>
	<bubbles>
		<data type="16" row="14" col="2" cloud="0" path="" />
		<data type="18" row="2" col="2" cloud="0" path="" />
		<data type="18" row="8" col="8" cloud="0" path="" />
		<data type="18" row="18" col="4" cloud="0" path="" />
		<data type="17" row="12" col="8" cloud="0" path="" />
		<data type="16" row="9" col="1" cloud="0" path="" />
		<data type="16" row="20" col="9" cloud="0" path="" />
		<data type="17" row="31" col="2" cloud="0" path="" />
		<data type="17" row="22" col="2" cloud="0" path="" />
		<data type="18" row="27" col="7" cloud="0" path="" />
		<data type="19" row="11" col="7" cloud="0" path="" />
		<data type="0" row="30" col="7" cloud="0" path="" />
		<data type="19" row="6" col="9" cloud="0" path="" />
		<data type="19" row="16" col="4" cloud="0" path="" />
		<data type="1" row="10" col="2" cloud="0" path="" />
		<data type="2" row="21" col="6" cloud="0" path="" />
		<data type="19" row="33" col="3" cloud="0" path="" />
		<data type="19" row="28" col="3" cloud="0" path="" />
		<data type="19" row="33" col="2" cloud="0" path="" />
		<data type="7" row="6" col="3" cloud="0" path="" />
		<data type="19" row="10" col="7" cloud="0" path="" />
		<data type="2" row="5" col="2" cloud="0" path="" />
		<data type="19" row="18" col="6" cloud="0" path="" />
		<data type="19" row="31" col="3" cloud="0" path="" />
		<data type="19" row="8" col="6" cloud="0" path="" />
		<data type="19" row="8" col="2" cloud="0" path="" />
		<data type="2" row="9" col="2" cloud="0" path="" />
		<data type="7" row="31" col="6" cloud="0" path="" />
		<data type="19" row="0" col="2" cloud="0" path="" />
		<data type="19" row="21" col="8" cloud="0" path="" />
		<data type="2" row="20" col="5" cloud="0" path="" />
		<data type="19" row="13" col="2" cloud="0" path="" />
		<data type="1" row="9" col="5" cloud="0" path="" />
		<data type="0" row="16" col="9" cloud="0" path="" />
		<data type="0" row="29" col="6" cloud="0" path="" />
		<data type="7" row="1" col="7" cloud="0" path="" />
		<data type="19" row="2" col="0" cloud="0" path="" />
		<data type="19" row="8" col="10" cloud="0" path="" />
		<data type="0" row="14" col="7" cloud="0" path="" />
		<data type="19" row="4" col="1" cloud="0" path="" />
		<data type="7" row="11" col="4" cloud="0" path="" />
		<data type="19" row="25" col="7" cloud="0" path="" />
		<data type="19" row="0" col="1" cloud="0" path="" />
		<data type="19" row="11" col="1" cloud="0" path="" />
		<data type="1" row="0" col="7" cloud="0" path="" />
		<data type="19" row="14" col="1" cloud="0" path="" />
		<data type="1" row="11" col="3" cloud="0" path="" />
		<data type="19" row="18" col="2" cloud="0" path="" />
		<data type="19" row="7" col="9" cloud="0" path="" />
		<data type="0" row="31" col="7" cloud="0" path="" />
		<data type="19" row="27" col="2" cloud="0" path="" />
		<data type="19" row="31" col="1" cloud="0" path="" />
		<data type="2" row="29" col="3" cloud="0" path="" />
		<data type="7" row="22" col="6" cloud="0" path="" />
		<data type="19" row="21" col="9" cloud="0" path="" />
		<data type="0" row="14" col="9" cloud="0" path="" />
		<data type="19" row="28" col="8" cloud="0" path="" />
		<data type="19" row="8" col="1" cloud="0" path="" />
		<data type="19" row="26" col="9" cloud="0" path="" />
		<data type="0" row="5" col="6" cloud="0" path="" />
		<data type="1" row="30" col="3" cloud="0" path="" />
		<data type="19" row="7" col="2" cloud="0" path="" />
		<data type="19" row="25" col="8" cloud="0" path="" />
		<data type="19" row="32" col="4" cloud="0" path="" />
		<data type="19" row="23" col="6" cloud="0" path="" />
		<data type="19" row="15" col="1" cloud="0" path="" />
		<data type="2" row="19" col="5" cloud="0" path="" />
		<data type="19" row="1" col="3" cloud="0" path="" />
		<data type="1" row="24" col="2" cloud="0" path="" />
		<data type="1" row="26" col="2" cloud="0" path="" />
		<data type="19" row="29" col="8" cloud="0" path="" />
		<data type="19" row="20" col="3" cloud="0" path="" />
		<data type="19" row="7" col="3" cloud="0" path="" />
		<data type="19" row="32" col="1" cloud="0" path="" />
		<data type="19" row="33" col="1" cloud="0" path="" />
		<data type="1" row="11" col="5" cloud="0" path="" />
		<data type="2" row="20" col="4" cloud="0" path="" />
		<data type="0" row="5" col="5" cloud="0" path="" />
		<data type="1" row="25" col="2" cloud="0" path="" />
		<data type="19" row="23" col="1" cloud="0" path="" />
		<data type="19" row="27" col="5" cloud="0" path="" />
		<data type="0" row="17" col="7" cloud="0" path="" />
		<data type="19" row="10" col="1" cloud="0" path="" />
		<data type="19" row="16" col="5" cloud="0" path="" />
		<data type="19" row="10" col="9" cloud="0" path="" />
		<data type="1" row="10" col="4" cloud="0" path="" />
		<data type="19" row="13" col="6" cloud="0" path="" />
		<data type="1" row="2" col="7" cloud="0" path="" />
		<data type="2" row="22" col="7" cloud="0" path="" />
		<data type="19" row="3" col="5" cloud="0" path="" />
		<data type="19" row="3" col="3" cloud="0" path="" />
		<data type="19" row="25" col="6" cloud="0" path="" />
		<data type="19" row="20" col="10" cloud="0" path="" />
		<data type="1" row="1" col="6" cloud="0" path="" />
		<data type="19" row="12" col="7" cloud="0" path="" />
		<data type="2" row="21" col="5" cloud="0" path="" />
		<data type="0" row="30" col="6" cloud="0" path="" />
		<data type="19" row="27" col="3" cloud="0" path="" />
		<data type="7" row="4" col="6" cloud="0" path="" />
		<data type="0" row="31" col="5" cloud="0" path="" />
		<data type="19" row="23" col="5" cloud="0" path="" />
		<data type="0" row="4" col="7" cloud="0" path="" />
		<data type="19" row="10" col="8" cloud="0" path="" />
		<data type="19" row="17" col="2" cloud="0" path="" />
		<data type="0" row="29" col="7" cloud="0" path="" />
		<data type="19" row="21" col="2" cloud="0" path="" />
		<data type="19" row="19" col="2" cloud="0" path="" />
		<data type="19" row="12" col="9" cloud="0" path="" />
		<data type="19" row="23" col="0" cloud="0" path="" />
		<data type="19" row="9" col="0" cloud="0" path="" />
		<data type="0" row="2" col="8" cloud="0" path="" />
		<data type="19" row="24" col="7" cloud="0" path="" />
		<data type="0" row="18" col="8" cloud="0" path="" />
		<data type="2" row="30" col="2" cloud="0" path="" />
		<data type="1" row="10" col="5" cloud="0" path="" />
		<data type="1" row="0" col="8" cloud="0" path="" />
		<data type="19" row="13" col="7" cloud="0" path="" />
		<data type="1" row="26" col="4" cloud="0" path="" />
		<data type="7" row="17" col="8" cloud="0" path="" />
		<data type="19" row="22" col="3" cloud="0" path="" />
		<data type="19" row="32" col="7" cloud="0" path="" />
		<data type="2" row="6" col="4" cloud="0" path="" />
		<data type="19" row="6" col="8" cloud="0" path="" />
		<data type="19" row="12" col="2" cloud="0" path="" />
		<data type="19" row="15" col="2" cloud="0" path="" />
		<data type="19" row="3" col="0" cloud="0" path="" />
		<data type="0" row="14" col="8" cloud="0" path="" />
		<data type="1" row="25" col="3" cloud="0" path="" />
		<data type="19" row="6" col="7" cloud="0" path="" />
		<data type="0" row="3" col="6" cloud="0" path="" />
		<data type="19" row="27" col="9" cloud="0" path="" />
		<data type="0" row="16" col="8" cloud="0" path="" />
		<data type="19" row="28" col="9" cloud="0" path="" />
		<data type="7" row="26" col="3" cloud="0" path="" />
		<data type="2" row="22" col="5" cloud="0" path="" />
		<data type="19" row="1" col="0" cloud="0" path="" />
		<data type="2" row="5" col="3" cloud="0" path="" />
		<data type="19" row="2" col="4" cloud="0" path="" />
		<data type="19" row="16" col="3" cloud="0" path="" />
		<data type="19" row="12" col="4" cloud="0" path="" />
		<data type="19" row="19" col="9" cloud="0" path="" />
		<data type="19" row="17" col="5" cloud="0" path="" />
		<data type="19" row="1" col="8" cloud="0" path="" />
		<data type="2" row="4" col="3" cloud="0" path="" />
		<data type="19" row="26" col="8" cloud="0" path="" />
		<data type="19" row="21" col="1" cloud="0" path="" />
		<data type="2" row="6" col="2" cloud="0" path="" />
		<data type="19" row="12" col="5" cloud="0" path="" />
		<data type="1" row="24" col="3" cloud="0" path="" />
		<data type="19" row="14" col="3" cloud="0" path="" />
		<data type="0" row="15" col="7" cloud="0" path="" />
		<data type="19" row="22" col="1" cloud="0" path="" />
		<data type="19" row="11" col="8" cloud="0" path="" />
		<data type="19" row="9" col="9" cloud="0" path="" />
		<data type="19" row="17" col="6" cloud="0" path="" />
		<data type="19" row="20" col="8" cloud="0" path="" />
		<data type="19" row="18" col="9" cloud="0" path="" />
		<data type="19" row="19" col="8" cloud="0" path="" />
		<data type="19" row="9" col="6" cloud="0" path="" />
		<data type="2" row="4" col="2" cloud="0" path="" />
		<data type="19" row="7" col="6" cloud="0" path="" />
		<data type="19" row="13" col="1" cloud="0" path="" />
		<data type="1" row="4" col="5" cloud="0" path="" />
		<data type="1" row="24" col="1" cloud="0" path="" />
		<data type="19" row="0" col="3" cloud="0" path="" />
		<data type="0" row="17" col="9" cloud="0" path="" />
		<data type="19" row="32" col="6" cloud="0" path="" />
	</bubbles>
	<info bubbleNum="26" type="2" start1="20000" start2="153000" start3="238000" colors="1110000" />
</include>