<?xml version="1.0" encoding="UTF-8"?>
<include>
	<bubbles>
		<data type="17" row="4" col="6" cloud="0" path="" />
		<data type="17" row="12" col="4" cloud="0" path="" />
		<data type="17" row="20" col="6" cloud="0" path="" />
		<data type="17" row="28" col="4" cloud="0" path="" />
		<data type="17" row="36" col="6" cloud="0" path="" />
		<data type="17" row="44" col="4" cloud="0" path="" />
		<data type="17" row="52" col="6" cloud="0" path="" />
		<data type="17" row="60" col="4" cloud="0" path="" />
		<data type="17" row="68" col="6" cloud="0" path="" />
		<data type="19" row="38" col="8" cloud="0" path="" />
		<data type="19" row="39" col="6" cloud="8" path="" />
		<data type="19" row="25" col="2" cloud="0" path="" />
		<data type="19" row="39" col="8" cloud="8" path="" />
		<data type="19" row="38" col="7" cloud="0" path="" />
		<data type="19" row="1" col="8" cloud="0" path="" />
		<data type="19" row="62" col="3" cloud="0" path="" />
		<data type="19" row="6" col="10" cloud="0" path="" />
		<data type="19" row="0" col="8" cloud="0" path="" />
		<data type="19" row="0" col="0" cloud="0" path="" />
		<data type="9" row="63" col="4" cloud="0" path="" />
		<data type="19" row="58" col="3" cloud="0" path="" />
		<data type="19" row="24" col="1" cloud="0" path="" />
		<data type="19" row="55" col="8" cloud="8" path="" />
		<data type="19" row="14" col="4" cloud="0" path="" />
		<data type="9" row="47" col="0" cloud="0" path="" />
		<data type="19" row="62" col="0" cloud="0" path="" />
		<data type="19" row="51" col="7" cloud="0" path="" />
		<data type="19" row="42" col="3" cloud="0" path="" />
		<data type="7" row="30" col="9" cloud="0" path="" />
		<data type="9" row="39" col="7" cloud="0" path="" />
		<data type="19" row="30" col="8" cloud="0" path="" />
		<data type="19" row="54" col="9" cloud="0" path="" />
		<data type="19" row="45" col="3" cloud="0" path="" />
		<data type="19" row="32" col="8" cloud="0" path="" />
		<data type="7" row="46" col="9" cloud="0" path="" />
		<data type="9" row="63" col="0" cloud="0" path="" />
		<data type="19" row="63" col="3" cloud="8" path="" />
		<data type="19" row="16" col="8" cloud="0" path="" />
		<data type="7" row="70" col="1" cloud="0" path="" />
		<data type="19" row="71" col="1" cloud="0" path="" />
		<data type="19" row="21" col="5" cloud="0" path="" />
		<data type="19" row="31" col="8" cloud="0" path="" />
		<data type="19" row="47" col="8" cloud="0" path="" />
		<data type="19" row="46" col="5" cloud="0" path="" />
		<data type="19" row="44" col="3" cloud="0" path="" />
		<data type="9" row="55" col="9" cloud="0" path="" />
		<data type="19" row="55" col="0" cloud="8" path="" />
		<data type="19" row="38" col="4" cloud="0" path="" />
		<data type="19" row="61" col="3" cloud="0" path="" />
		<data type="9" row="31" col="6" cloud="0" path="" />
		<data type="19" row="63" col="5" cloud="8" path="" />
		<data type="19" row="47" col="1" cloud="8" path="" />
		<data type="9" row="39" col="5" cloud="0" path="" />
		<data type="19" row="16" col="9" cloud="0" path="" />
		<data type="19" row="70" col="2" cloud="0" path="" />
		<data type="19" row="54" col="10" cloud="0" path="" />
		<data type="9" row="39" col="3" cloud="0" path="" />
		<data type="19" row="62" col="1" cloud="0" path="" />
		<data type="19" row="62" col="5" cloud="0" path="" />
		<data type="19" row="34" col="8" cloud="0" path="" />
		<data type="19" row="47" col="5" cloud="8" path="" />
		<data type="19" row="15" col="1" cloud="8" path="" />
		<data type="19" row="47" col="3" cloud="8" path="" />
		<data type="19" row="46" col="1" cloud="0" path="" />
		<data type="19" row="0" col="7" cloud="0" path="" />
		<data type="19" row="46" col="4" cloud="0" path="" />
		<data type="19" row="67" col="6" cloud="0" path="" />
		<data type="19" row="13" col="3" cloud="0" path="" />
		<data type="19" row="57" col="1" cloud="0" path="" />
		<data type="19" row="60" col="3" cloud="0" path="" />
		<data type="9" row="47" col="4" cloud="0" path="" />
		<data type="19" row="7" col="4" cloud="8" path="" />
		<data type="9" row="39" col="9" cloud="0" path="" />
		<data type="19" row="6" col="6" cloud="0" path="" />
		<data type="19" row="38" col="2" cloud="0" path="" />
		<data type="19" row="57" col="2" cloud="0" path="" />
		<data type="19" row="6" col="8" cloud="0" path="" />
		<data type="19" row="59" col="3" cloud="0" path="" />
		<data type="19" row="0" col="5" cloud="0" path="" />
		<data type="19" row="35" col="7" cloud="0" path="" />
		<data type="19" row="6" col="5" cloud="0" path="" />
		<data type="19" row="14" col="5" cloud="0" path="" />
		<data type="19" row="40" col="2" cloud="0" path="" />
		<data type="19" row="38" col="10" cloud="0" path="" />
		<data type="19" row="1" col="3" cloud="0" path="" />
		<data type="19" row="58" col="2" cloud="0" path="" />
		<data type="19" row="33" col="7" cloud="0" path="" />
		<data type="19" row="4" col="7" cloud="0" path="" />
		<data type="19" row="69" col="5" cloud="0" path="" />
		<data type="19" row="56" col="2" cloud="0" path="" />
		<data type="19" row="0" col="4" cloud="0" path="" />
		<data type="7" row="54" col="1" cloud="0" path="" />
		<data type="9" row="7" col="9" cloud="0" path="" />
		<data type="19" row="53" col="5" cloud="0" path="" />
		<data type="19" row="7" col="2" cloud="8" path="" />
		<data type="19" row="30" col="4" cloud="0" path="" />
		<data type="19" row="1" col="4" cloud="0" path="" />
		<data type="19" row="26" col="2" cloud="0" path="" />
		<data type="19" row="6" col="3" cloud="0" path="" />
		<data type="9" row="23" col="7" cloud="0" path="" />
		<data type="19" row="3" col="6" cloud="0" path="" />
		<data type="19" row="38" col="9" cloud="0" path="" />
		<data type="19" row="62" col="8" cloud="0" path="" />
		<data type="19" row="6" col="9" cloud="0" path="" />
		<data type="19" row="14" col="8" cloud="0" path="" />
		<data type="19" row="30" col="3" cloud="0" path="" />
		<data type="19" row="43" col="3" cloud="0" path="" />
		<data type="19" row="59" col="2" cloud="0" path="" />
		<data type="19" row="28" col="3" cloud="0" path="" />
		<data type="19" row="63" col="8" cloud="0" path="" />
		<data type="19" row="46" col="2" cloud="0" path="" />
		<data type="19" row="47" col="7" cloud="8" path="" />
		<data type="19" row="64" col="9" cloud="0" path="" />
		<data type="9" row="55" col="7" cloud="0" path="" />
		<data type="19" row="71" col="0" cloud="8" path="" />
		<data type="19" row="25" col="1" cloud="0" path="" />
		<data type="19" row="65" col="8" cloud="0" path="" />
		<data type="9" row="31" col="0" cloud="0" path="" />
		<data type="19" row="40" col="1" cloud="0" path="" />
		<data type="19" row="30" col="0" cloud="0" path="" />
		<data type="19" row="46" col="6" cloud="0" path="" />
		<data type="19" row="15" col="8" cloud="0" path="" />
		<data type="19" row="3" col="7" cloud="0" path="" />
		<data type="19" row="35" col="6" cloud="0" path="" />
		<data type="19" row="20" col="7" cloud="0" path="" />
		<data type="9" row="63" col="2" cloud="0" path="" />
		<data type="19" row="29" col="3" cloud="0" path="" />
		<data type="19" row="22" col="6" cloud="0" path="" />
		<data type="19" row="5" col="5" cloud="0" path="" />
		<data type="19" row="2" col="8" cloud="0" path="" />
		<data type="19" row="41" col="1" cloud="0" path="" />
		<data type="19" row="39" col="0" cloud="8" path="" />
		<data type="19" row="23" col="4" cloud="8" path="" />
		<data type="19" row="51" col="6" cloud="0" path="" />
		<data type="19" row="30" col="6" cloud="0" path="" />
		<data type="9" row="55" col="3" cloud="0" path="" />
		<data type="9" row="47" col="6" cloud="0" path="" />
		<data type="19" row="65" col="7" cloud="0" path="" />
		<data type="19" row="46" col="7" cloud="0" path="" />
		<data type="19" row="54" col="3" cloud="0" path="" />
		<data type="19" row="1" col="0" cloud="0" path="" />
		<data type="19" row="22" col="5" cloud="0" path="" />
		<data type="19" row="54" col="4" cloud="0" path="" />
		<data type="19" row="7" col="1" cloud="0" path="" />
		<data type="19" row="17" col="7" cloud="0" path="" />
		<data type="19" row="46" col="8" cloud="0" path="" />
		<data type="19" row="64" col="8" cloud="0" path="" />
		<data type="19" row="19" col="7" cloud="0" path="" />
		<data type="19" row="18" col="8" cloud="0" path="" />
		<data type="9" row="31" col="4" cloud="0" path="" />
		<data type="9" row="15" col="0" cloud="0" path="" />
		<data type="19" row="30" col="7" cloud="0" path="" />
		<data type="19" row="23" col="1" cloud="0" path="" />
		<data type="19" row="27" col="2" cloud="0" path="" />
		<data type="19" row="30" col="5" cloud="0" path="" />
		<data type="19" row="66" col="8" cloud="0" path="" />
		<data type="19" row="19" col="6" cloud="0" path="" />
		<data type="19" row="9" col="1" cloud="0" path="" />
		<data type="7" row="6" col="1" cloud="0" path="" />
		<data type="19" row="36" col="7" cloud="0" path="" />
		<data type="19" row="23" col="6" cloud="8" path="" />
		<data type="19" row="6" col="2" cloud="0" path="" />
		<data type="19" row="22" col="2" cloud="0" path="" />
		<data type="19" row="15" col="3" cloud="8" path="" />
		<data type="19" row="14" col="1" cloud="0" path="" />
		<data type="19" row="27" col="3" cloud="0" path="" />
		<data type="19" row="18" col="7" cloud="0" path="" />
		<data type="19" row="62" col="7" cloud="0" path="" />
		<data type="19" row="14" col="2" cloud="0" path="" />
		<data type="19" row="54" col="2" cloud="0" path="" />
		<data type="9" row="15" col="6" cloud="0" path="" />
		<data type="19" row="55" col="2" cloud="8" path="" />
		<data type="19" row="31" col="7" cloud="8" path="" />
		<data type="19" row="7" col="0" cloud="8" path="" />
		<data type="19" row="12" col="3" cloud="0" path="" />
		<data type="19" row="8" col="1" cloud="0" path="" />
		<data type="9" row="23" col="3" cloud="0" path="" />
		<data type="7" row="22" col="1" cloud="0" path="" />
		<data type="19" row="56" col="1" cloud="0" path="" />
		<data type="19" row="55" col="6" cloud="8" path="" />
		<data type="19" row="26" col="3" cloud="0" path="" />
		<data type="19" row="22" col="4" cloud="0" path="" />
		<data type="9" row="23" col="5" cloud="0" path="" />
		<data type="19" row="71" col="8" cloud="8" path="" />
		<data type="19" row="71" col="6" cloud="8" path="" />
		<data type="19" row="32" col="9" cloud="0" path="" />
		<data type="19" row="0" col="6" cloud="0" path="" />
		<data type="19" row="14" col="0" cloud="0" path="" />
		<data type="19" row="38" col="6" cloud="0" path="" />
		<data type="19" row="23" col="0" cloud="8" path="" />
		<data type="19" row="1" col="5" cloud="0" path="" />
		<data type="19" row="1" col="6" cloud="0" path="" />
		<data type="19" row="1" col="2" cloud="0" path="" />
		<data type="19" row="0" col="3" cloud="0" path="" />
		<data type="19" row="63" col="7" cloud="8" path="" />
		<data type="9" row="71" col="9" cloud="0" path="" />
		<data type="19" row="54" col="5" cloud="0" path="" />
		<data type="9" row="15" col="2" cloud="0" path="" />
		<data type="19" row="68" col="7" cloud="0" path="" />
		<data type="19" row="55" col="4" cloud="8" path="" />
		<data type="19" row="70" col="7" cloud="0" path="" />
		<data type="19" row="14" col="3" cloud="0" path="" />
		<data type="19" row="71" col="4" cloud="8" path="" />
		<data type="19" row="6" col="4" cloud="0" path="" />
		<data type="9" row="55" col="5" cloud="0" path="" />
		<data type="19" row="70" col="6" cloud="0" path="" />
		<data type="19" row="0" col="1" cloud="0" path="" />
		<data type="19" row="0" col="2" cloud="0" path="" />
		<data type="19" row="70" col="5" cloud="0" path="" />
		<data type="9" row="71" col="5" cloud="0" path="" />
		<data type="19" row="42" col="2" cloud="0" path="" />
		<data type="9" row="23" col="9" cloud="0" path="" />
		<data type="19" row="22" col="10" cloud="0" path="" />
		<data type="9" row="71" col="7" cloud="0" path="" />
		<data type="19" row="70" col="9" cloud="0" path="" />
		<data type="9" row="7" col="3" cloud="0" path="" />
		<data type="9" row="71" col="3" cloud="0" path="" />
		<data type="19" row="41" col="2" cloud="0" path="" />
		<data type="19" row="39" col="2" cloud="8" path="" />
		<data type="19" row="8" col="2" cloud="0" path="" />
		<data type="19" row="1" col="1" cloud="0" path="" />
		<data type="19" row="14" col="7" cloud="0" path="" />
		<data type="19" row="1" col="7" cloud="0" path="" />
		<data type="9" row="47" col="2" cloud="0" path="" />
		<data type="19" row="24" col="2" cloud="0" path="" />
		<data type="19" row="70" col="4" cloud="0" path="" />
		<data type="19" row="11" col="3" cloud="0" path="" />
		<data type="19" row="66" col="7" cloud="0" path="" />
		<data type="19" row="46" col="0" cloud="0" path="" />
		<data type="19" row="37" col="5" cloud="0" path="" />
		<data type="19" row="70" col="3" cloud="0" path="" />
		<data type="19" row="9" col="2" cloud="0" path="" />
		<data type="19" row="10" col="2" cloud="0" path="" />
		<data type="19" row="38" col="3" cloud="0" path="" />
		<data type="19" row="0" col="10" cloud="0" path="" />
		<data type="7" row="38" col="1" cloud="0" path="" />
		<data type="19" row="39" col="4" cloud="8" path="" />
		<data type="19" row="54" col="7" cloud="0" path="" />
		<data type="19" row="22" col="9" cloud="0" path="" />
		<data type="19" row="52" col="7" cloud="0" path="" />
		<data type="19" row="22" col="8" cloud="0" path="" />
		<data type="19" row="70" col="8" cloud="0" path="" />
		<data type="19" row="70" col="10" cloud="0" path="" />
		<data type="19" row="11" col="2" cloud="0" path="" />
		<data type="19" row="46" col="3" cloud="0" path="" />
		<data type="19" row="23" col="8" cloud="8" path="" />
		<data type="19" row="43" col="2" cloud="0" path="" />
		<data type="19" row="0" col="9" cloud="0" path="" />
		<data type="19" row="47" col="9" cloud="8" path="" />
		<data type="19" row="10" col="3" cloud="0" path="" />
		<data type="19" row="54" col="6" cloud="0" path="" />
		<data type="19" row="33" col="8" cloud="0" path="" />
		<data type="19" row="23" col="2" cloud="8" path="" />
		<data type="19" row="39" col="1" cloud="0" path="" />
		<data type="9" row="7" col="5" cloud="0" path="" />
		<data type="19" row="17" col="8" cloud="0" path="" />
		<data type="19" row="50" col="8" cloud="0" path="" />
		<data type="7" row="62" col="9" cloud="0" path="" />
		<data type="19" row="48" col="8" cloud="0" path="" />
		<data type="19" row="31" col="5" cloud="8" path="" />
		<data type="19" row="63" col="1" cloud="8" path="" />
		<data type="19" row="63" col="9" cloud="8" path="" />
		<data type="19" row="15" col="7" cloud="8" path="" />
		<data type="19" row="1" col="9" cloud="0" path="" />
		<data type="19" row="49" col="8" cloud="0" path="" />
		<data type="19" row="7" col="8" cloud="8" path="" />
		<data type="19" row="15" col="5" cloud="8" path="" />
		<data type="19" row="54" col="8" cloud="0" path="" />
		<data type="19" row="31" col="9" cloud="8" path="" />
		<data type="19" row="30" col="1" cloud="0" path="" />
		<data type="9" row="31" col="2" cloud="0" path="" />
		<data type="19" row="62" col="6" cloud="0" path="" />
		<data type="19" row="48" col="9" cloud="0" path="" />
		<data type="7" row="14" col="9" cloud="0" path="" />
		<data type="19" row="7" col="6" cloud="8" path="" />
		<data type="19" row="2" col="7" cloud="0" path="" />
		<data type="19" row="38" col="5" cloud="0" path="" />
		<data type="19" row="67" col="7" cloud="0" path="" />
		<data type="19" row="62" col="4" cloud="0" path="" />
		<data type="19" row="50" col="7" cloud="0" path="" />
		<data type="19" row="15" col="9" cloud="8" path="" />
		<data type="19" row="22" col="3" cloud="0" path="" />
		<data type="19" row="14" col="6" cloud="0" path="" />
		<data type="19" row="6" col="7" cloud="0" path="" />
		<data type="9" row="7" col="7" cloud="0" path="" />
		<data type="19" row="49" col="7" cloud="0" path="" />
		<data type="19" row="30" col="2" cloud="0" path="" />
		<data type="19" row="55" col="1" cloud="0" path="" />
		<data type="9" row="15" col="4" cloud="0" path="" />
		<data type="9" row="63" col="6" cloud="0" path="" />
		<data type="19" row="71" col="2" cloud="8" path="" />
		<data type="19" row="62" col="2" cloud="0" path="" />
		<data type="19" row="31" col="1" cloud="8" path="" />
		<data type="19" row="34" col="7" cloud="0" path="" />
		<data type="19" row="22" col="7" cloud="0" path="" />
		<data type="19" row="31" col="3" cloud="8" path="" />
	</bubbles>
	<info bubbleNum="45" type="2" start1="40000" start2="100000" start3="200000" colors="1111000" />
</include>