<?xml version="1.0" encoding="UTF-8"?>
<include>
	<bubbles>
		<data type="13" row="36" col="5" cloud="0" path="" />
		<data type="13" row="24" col="2" cloud="0" path="" />
		<data type="13" row="10" col="5" cloud="0" path="" />
		<data type="19" row="28" col="3" cloud="0" path="" />
		<data type="19" row="13" col="3" cloud="0" path="" />
		<data type="28" row="37" col="7" cloud="0" path="" />
		<data type="19" row="40" col="7" cloud="0" path="" />
		<data type="19" row="34" col="6" cloud="0" path="" />
		<data type="26" row="14" col="8" cloud="0" path="" />
		<data type="19" row="38" col="8" cloud="0" path="" />
		<data type="28" row="7" col="5" cloud="0" path="" />
		<data type="26" row="14" col="2" cloud="0" path="" />
		<data type="19" row="38" col="3" cloud="0" path="" />
		<data type="19" row="17" col="4" cloud="0" path="" />
		<data type="19" row="30" col="5" cloud="0" path="" />
		<data type="19" row="28" col="9" cloud="0" path="" />
		<data type="19" row="25" col="3" cloud="0" path="" />
		<data type="19" row="17" col="5" cloud="0" path="" />
		<data type="28" row="26" col="0" cloud="0" path="" />
		<data type="19" row="22" col="7" cloud="0" path="" />
		<data type="28" row="34" col="7" cloud="0" path="" />
		<data type="28" row="22" col="0" cloud="0" path="" />
		<data type="19" row="27" col="6" cloud="0" path="" />
		<data type="19" row="33" col="3" cloud="0" path="" />
		<data type="19" row="22" col="5" cloud="0" path="" />
		<data type="19" row="38" col="6" cloud="0" path="" />
		<data type="19" row="34" col="4" cloud="0" path="" />
		<data type="19" row="16" col="6" cloud="0" path="" />
		<data type="19" row="29" col="5" cloud="0" path="" />
		<data type="28" row="34" col="3" cloud="0" path="" />
		<data type="19" row="15" col="4" cloud="0" path="" />
		<data type="28" row="23" col="4" cloud="0" path="" />
		<data type="19" row="28" col="5" cloud="0" path="" />
		<data type="19" row="14" col="4" cloud="8" path="" />
		<data type="19" row="24" col="0" cloud="0" path="" />
		<data type="19" row="41" col="5" cloud="0" path="" />
		<data type="19" row="42" col="4" cloud="0" path="" />
		<data type="28" row="35" col="2" cloud="0" path="" />
		<data type="19" row="14" col="1" cloud="0" path="" />
		<data type="19" row="12" col="2" cloud="0" path="" />
		<data type="19" row="21" col="6" cloud="0" path="" />
		<data type="19" row="29" col="3" cloud="0" path="" />
		<data type="19" row="26" col="1" cloud="0" path="" />
		<data type="19" row="38" col="9" cloud="0" path="" />
		<data type="19" row="26" col="2" cloud="0" path="" />
		<data type="19" row="22" col="1" cloud="0" path="" />
		<data type="19" row="20" col="0" cloud="8" path="" />
		<data type="19" row="20" col="7" cloud="0" path="" />
		<data type="19" row="38" col="2" cloud="0" path="" />
		<data type="19" row="30" col="1" cloud="0" path="" />
		<data type="10" row="39" col="0" cloud="0" path="" />
		<data type="26" row="16" col="5" cloud="0" path="" />
		<data type="28" row="13" col="2" cloud="0" path="" />
		<data type="19" row="41" col="4" cloud="0" path="" />
		<data type="19" row="21" col="4" cloud="8" path="" />
		<data type="19" row="41" col="0" cloud="0" path="" />
		<data type="19" row="41" col="7" cloud="0" path="" />
		<data type="19" row="38" col="7" cloud="0" path="" />
		<data type="19" row="14" col="5" cloud="0" path="" />
		<data type="19" row="42" col="9" cloud="0" path="" />
		<data type="26" row="13" col="5" cloud="0" path="" />
		<data type="19" row="23" col="3" cloud="0" path="" />
		<data type="19" row="23" col="9" cloud="0" path="" />
		<data type="19" row="36" col="7" cloud="0" path="" />
		<data type="19" row="14" col="6" cloud="8" path="" />
		<data type="19" row="36" col="3" cloud="0" path="" />
		<data type="26" row="10" col="8" cloud="0" path="" />
		<data type="19" row="20" col="8" cloud="0" path="" />
		<data type="19" row="23" col="5" cloud="8" path="" />
		<data type="28" row="21" col="1" cloud="0" path="" />
		<data type="28" row="27" col="1" cloud="0" path="" />
		<data type="19" row="26" col="9" cloud="0" path="" />
		<data type="19" row="30" col="3" cloud="0" path="" />
		<data type="19" row="38" col="4" cloud="0" path="" />
		<data type="19" row="21" col="8" cloud="0" path="" />
		<data type="19" row="12" col="8" cloud="0" path="" />
		<data type="19" row="16" col="4" cloud="0" path="" />
		<data type="19" row="25" col="9" cloud="0" path="" />
		<data type="19" row="30" col="0" cloud="0" path="" />
		<data type="19" row="25" col="0" cloud="0" path="" />
		<data type="28" row="7" col="4" cloud="0" path="" />
		<data type="19" row="28" col="1" cloud="0" path="" />
		<data type="28" row="40" col="0" cloud="0" path="" />
		<data type="19" row="28" col="8" cloud="0" path="" />
		<data type="19" row="23" col="7" cloud="0" path="" />
		<data type="28" row="27" col="3" cloud="0" path="" />
		<data type="19" row="11" col="7" cloud="0" path="" />
		<data type="28" row="10" col="7" cloud="0" path="" />
		<data type="10" row="39" col="7" cloud="0" path="" />
		<data type="19" row="40" col="1" cloud="0" path="" />
		<data type="19" row="20" col="4" cloud="8" path="" />
		<data type="19" row="41" col="9" cloud="0" path="" />
		<data type="19" row="38" col="10" cloud="0" path="" />
		<data type="19" row="24" col="4" cloud="0" path="" />
		<data type="19" row="28" col="4" cloud="8" path="" />
		<data type="19" row="20" col="3" cloud="0" path="" />
		<data type="28" row="10" col="3" cloud="0" path="" />
		<data type="19" row="13" col="8" cloud="0" path="" />
		<data type="26" row="12" col="7" cloud="0" path="" />
		<data type="19" row="42" col="7" cloud="0" path="" />
		<data type="19" row="20" col="6" cloud="0" path="" />
		<data type="19" row="26" col="5" cloud="0" path="" />
		<data type="28" row="8" col="5" cloud="0" path="" />
		<data type="28" row="37" col="2" cloud="0" path="" />
		<data type="26" row="12" col="3" cloud="0" path="" />
		<data type="19" row="24" col="10" cloud="0" path="" />
		<data type="19" row="30" col="4" cloud="0" path="" />
		<data type="19" row="22" col="3" cloud="0" path="" />
		<data type="19" row="22" col="2" cloud="0" path="" />
		<data type="10" row="36" col="2" cloud="0" path="" />
		<data type="28" row="40" col="8" cloud="0" path="" />
		<data type="19" row="40" col="4" cloud="0" path="" />
		<data type="19" row="40" col="6" cloud="0" path="" />
		<data type="28" row="13" col="7" cloud="0" path="" />
		<data type="19" row="11" col="6" cloud="0" path="" />
		<data type="0" row="6" col="5" cloud="0" path="" />
		<data type="19" row="42" col="6" cloud="0" path="" />
		<data type="19" row="33" col="6" cloud="0" path="" />
		<data type="19" row="42" col="2" cloud="0" path="" />
		<data type="19" row="14" col="3" cloud="0" path="" />
		<data type="19" row="22" col="9" cloud="0" path="" />
		<data type="19" row="20" col="5" cloud="0" path="" />
		<data type="19" row="11" col="3" cloud="0" path="" />
		<data type="19" row="14" col="7" cloud="0" path="" />
		<data type="19" row="25" col="7" cloud="0" path="" />
		<data type="19" row="23" col="0" cloud="0" path="" />
		<data type="19" row="38" col="1" cloud="0" path="" />
		<data type="19" row="13" col="1" cloud="0" path="" />
		<data type="28" row="12" col="5" cloud="0" path="" />
		<data type="19" row="24" col="8" cloud="0" path="" />
		<data type="28" row="25" col="4" cloud="0" path="" />
		<data type="19" row="13" col="6" cloud="0" path="" />
		<data type="19" row="42" col="3" cloud="0" path="" />
		<data type="10" row="39" col="2" cloud="0" path="" />
		<data type="19" row="20" col="10" cloud="0" path="" />
		<data type="28" row="15" col="8" cloud="0" path="" />
		<data type="19" row="12" col="4" cloud="0" path="" />
		<data type="19" row="39" col="4" cloud="0" path="" />
		<data type="19" row="40" col="9" cloud="0" path="" />
		<data type="28" row="33" col="5" cloud="0" path="" />
		<data type="19" row="38" col="0" cloud="0" path="" />
		<data type="28" row="10" col="10" cloud="0" path="" />
		<data type="28" row="21" col="3" cloud="0" path="" />
		<data type="26" row="13" col="4" cloud="0" path="" />
		<data type="10" row="36" col="8" cloud="0" path="" />
		<data type="28" row="35" col="7" cloud="0" path="" />
		<data type="19" row="15" col="7" cloud="0" path="" />
		<data type="19" row="30" col="2" cloud="0" path="" />
		<data type="28" row="40" col="10" cloud="0" path="" />
		<data type="19" row="29" col="1" cloud="0" path="" />
		<data type="28" row="10" col="0" cloud="0" path="" />
		<data type="19" row="28" col="0" cloud="8" path="" />
		<data type="19" row="12" col="6" cloud="0" path="" />
		<data type="19" row="40" col="3" cloud="0" path="" />
		<data type="19" row="28" col="6" cloud="0" path="" />
		<data type="19" row="28" col="2" cloud="8" path="" />
		<data type="19" row="27" col="4" cloud="8" path="" />
		<data type="19" row="26" col="7" cloud="0" path="" />
		<data type="19" row="42" col="1" cloud="0" path="" />
		<data type="19" row="14" col="9" cloud="0" path="" />
		<data type="19" row="11" col="2" cloud="0" path="" />
		<data type="10" row="39" col="9" cloud="0" path="" />
		<data type="26" row="10" col="2" cloud="0" path="" />
		<data type="19" row="20" col="9" cloud="0" path="" />
		<data type="19" row="26" col="3" cloud="0" path="" />
		<data type="19" row="39" col="5" cloud="0" path="" />
		<data type="19" row="41" col="2" cloud="0" path="" />
		<data type="19" row="20" col="1" cloud="0" path="" />
		<data type="28" row="10" col="1" cloud="0" path="" />
		<data type="28" row="33" col="4" cloud="0" path="" />
		<data type="19" row="40" col="5" cloud="0" path="" />
		<data type="19" row="24" col="6" cloud="0" path="" />
		<data type="28" row="10" col="9" cloud="0" path="" />
		<data type="19" row="15" col="2" cloud="0" path="" />
		<data type="19" row="42" col="8" cloud="0" path="" />
		<data type="19" row="28" col="10" cloud="0" path="" />
		<data type="19" row="20" col="2" cloud="8" path="" />
		<data type="28" row="40" col="2" cloud="0" path="" />
		<data type="19" row="28" col="7" cloud="0" path="" />
		<data type="19" row="15" col="5" cloud="0" path="" />
		<data type="19" row="25" col="5" cloud="8" path="" />
		<data type="28" row="15" col="1" cloud="0" path="" />
		<data type="19" row="27" col="8" cloud="0" path="" />
	</bubbles>
	<info bubbleNum="31" type="4" start1="11000" start2="82000" start3="118000" colors="1111000" />
</include>