<?xml version="1.0" encoding="UTF-8"?>
<include>
	<bubbles>
		<data type="19" row="2" col="9" cloud="0" path="" />
		<data type="19" row="11" col="3" cloud="0" path="" />
		<data type="19" row="11" col="5" cloud="0" path="" />
		<data type="19" row="4" col="4" cloud="0" path="" />
		<data type="26" row="3" col="2" cloud="0" path="" />
		<data type="19" row="1" col="7" cloud="0" path="" />
		<data type="19" row="0" col="8" cloud="0" path="" />
		<data type="19" row="15" col="9" cloud="0" path="" />
		<data type="19" row="9" col="3" cloud="0" path="" />
		<data type="19" row="19" col="3" cloud="0" path="" />
		<data type="19" row="13" col="2" cloud="0" path="" />
		<data type="19" row="11" col="0" cloud="0" path="" />
		<data type="19" row="15" col="7" cloud="0" path="" />
		<data type="19" row="5" col="6" cloud="0" path="" />
		<data type="19" row="17" col="4" cloud="0" path="" />
		<data type="19" row="2" col="1" cloud="0" path="" />
		<data type="10" row="2" col="8" cloud="0" path="" />
		<data type="19" row="4" col="6" cloud="0" path="" />
		<data type="0" row="19" col="1" cloud="0" path="" />
		<data type="19" row="19" col="7" cloud="0" path="" />
		<data type="19" row="0" col="2" cloud="0" path="" />
		<data type="19" row="1" col="1" cloud="0" path="" />
		<data type="19" row="9" col="4" cloud="0" path="" />
		<data type="19" row="1" col="2" cloud="0" path="" />
		<data type="19" row="9" col="7" cloud="0" path="" />
		<data type="19" row="11" col="4" cloud="0" path="" />
		<data type="9" row="12" col="10" cloud="0" path="" />
		<data type="19" row="5" col="2" cloud="0" path="" />
		<data type="19" row="19" col="9" cloud="0" path="" />
		<data type="0" row="19" col="0" cloud="0" path="" />
		<data type="19" row="15" col="8" cloud="0" path="" />
		<data type="19" row="15" col="3" cloud="0" path="" />
		<data type="26" row="3" col="6" cloud="0" path="" />
		<data type="9" row="18" col="0" cloud="0" path="" />
		<data type="26" row="3" col="3" cloud="0" path="" />
		<data type="0" row="19" col="2" cloud="0" path="" />
		<data type="19" row="7" col="7" cloud="0" path="" />
		<data type="26" row="0" col="9" cloud="0" path="" />
		<data type="19" row="13" col="8" cloud="0" path="" />
		<data type="19" row="9" col="0" cloud="0" path="" />
		<data type="19" row="2" col="3" cloud="0" path="" />
		<data type="19" row="7" col="9" cloud="0" path="" />
		<data type="9" row="14" col="0" cloud="0" path="" />
		<data type="19" row="5" col="5" cloud="0" path="" />
		<data type="19" row="13" col="1" cloud="0" path="" />
		<data type="19" row="13" col="0" cloud="0" path="" />
		<data type="19" row="3" col="4" cloud="0" path="" />
		<data type="19" row="13" col="3" cloud="0" path="" />
		<data type="9" row="8" col="10" cloud="0" path="" />
		<data type="19" row="5" col="7" cloud="0" path="" />
		<data type="19" row="17" col="0" cloud="0" path="" />
		<data type="19" row="15" col="4" cloud="0" path="" />
		<data type="19" row="13" col="9" cloud="0" path="" />
		<data type="19" row="5" col="0" cloud="0" path="" />
		<data type="19" row="2" col="4" cloud="0" path="" />
		<data type="19" row="11" col="9" cloud="0" path="" />
		<data type="19" row="13" col="6" cloud="0" path="" />
		<data type="19" row="17" col="9" cloud="0" path="" />
		<data type="19" row="11" col="8" cloud="0" path="" />
		<data type="26" row="0" col="10" cloud="0" path="" />
		<data type="19" row="7" col="4" cloud="0" path="" />
		<data type="19" row="9" col="8" cloud="0" path="" />
		<data type="26" row="1" col="5" cloud="0" path="" />
		<data type="19" row="13" col="7" cloud="0" path="" />
		<data type="19" row="5" col="4" cloud="0" path="" />
		<data type="19" row="17" col="8" cloud="0" path="" />
		<data type="19" row="7" col="5" cloud="0" path="" />
		<data type="19" row="1" col="9" cloud="0" path="" />
		<data type="19" row="19" col="5" cloud="0" path="" />
		<data type="19" row="19" col="6" cloud="0" path="" />
		<data type="19" row="2" col="10" cloud="0" path="" />
		<data type="19" row="7" col="6" cloud="0" path="" />
		<data type="19" row="11" col="2" cloud="0" path="" />
		<data type="19" row="17" col="5" cloud="0" path="" />
		<data type="19" row="11" col="1" cloud="0" path="" />
		<data type="19" row="17" col="7" cloud="0" path="" />
		<data type="19" row="17" col="3" cloud="0" path="" />
		<data type="19" row="19" col="4" cloud="0" path="" />
		<data type="19" row="9" col="5" cloud="0" path="" />
		<data type="19" row="7" col="8" cloud="0" path="" />
		<data type="26" row="0" col="0" cloud="0" path="" />
		<data type="19" row="9" col="1" cloud="0" path="" />
		<data type="19" row="17" col="6" cloud="0" path="" />
		<data type="19" row="9" col="6" cloud="0" path="" />
		<data type="19" row="9" col="9" cloud="0" path="" />
		<data type="19" row="5" col="8" cloud="0" path="" />
		<data type="19" row="3" col="0" cloud="0" path="" />
		<data type="19" row="3" col="8" cloud="0" path="" />
		<data type="7" row="0" col="5" cloud="0" path="" />
		<data type="19" row="2" col="0" cloud="0" path="" />
		<data type="19" row="7" col="3" cloud="0" path="" />
		<data type="9" row="10" col="0" cloud="0" path="" />
		<data type="19" row="2" col="5" cloud="0" path="" />
		<data type="19" row="17" col="2" cloud="0" path="" />
		<data type="19" row="15" col="2" cloud="0" path="" />
		<data type="19" row="9" col="2" cloud="0" path="" />
		<data type="19" row="11" col="6" cloud="0" path="" />
		<data type="19" row="7" col="1" cloud="0" path="" />
		<data type="26" row="0" col="1" cloud="0" path="" />
		<data type="19" row="0" col="4" cloud="0" path="" />
		<data type="19" row="0" col="3" cloud="0" path="" />
		<data type="19" row="1" col="3" cloud="0" path="" />
		<data type="19" row="4" col="10" cloud="0" path="" />
		<data type="19" row="15" col="5" cloud="0" path="" />
		<data type="19" row="4" col="0" cloud="0" path="" />
		<data type="19" row="15" col="1" cloud="0" path="" />
		<data type="19" row="5" col="9" cloud="0" path="" />
		<data type="19" row="3" col="9" cloud="0" path="" />
		<data type="19" row="4" col="7" cloud="0" path="" />
		<data type="19" row="3" col="5" cloud="0" path="" />
		<data type="9" row="6" col="0" cloud="0" path="" />
		<data type="19" row="15" col="6" cloud="0" path="" />
		<data type="26" row="4" col="2" cloud="0" path="" />
		<data type="19" row="17" col="1" cloud="0" path="" />
		<data type="19" row="0" col="7" cloud="0" path="" />
		<data type="19" row="4" col="9" cloud="0" path="" />
		<data type="19" row="7" col="0" cloud="0" path="" />
		<data type="19" row="2" col="7" cloud="0" path="" />
		<data type="19" row="3" col="1" cloud="0" path="" />
		<data type="19" row="2" col="6" cloud="0" path="" />
		<data type="19" row="15" col="0" cloud="0" path="" />
		<data type="19" row="1" col="8" cloud="0" path="" />
		<data type="19" row="7" col="2" cloud="0" path="" />
		<data type="19" row="1" col="0" cloud="0" path="" />
		<data type="19" row="4" col="5" cloud="0" path="" />
		<data type="19" row="4" col="1" cloud="0" path="" />
		<data type="26" row="4" col="8" cloud="0" path="" />
		<data type="19" row="5" col="3" cloud="0" path="" />
		<data type="19" row="13" col="4" cloud="0" path="" />
		<data type="19" row="11" col="7" cloud="0" path="" />
		<data type="9" row="16" col="10" cloud="0" path="" />
		<data type="19" row="5" col="1" cloud="0" path="" />
		<data type="10" row="2" col="2" cloud="0" path="" />
		<data type="26" row="3" col="7" cloud="0" path="" />
		<data type="19" row="1" col="6" cloud="0" path="" />
		<data type="19" row="13" col="5" cloud="0" path="" />
		<data type="19" row="19" col="8" cloud="0" path="" />
		<data type="19" row="0" col="6" cloud="0" path="" />
		<data type="26" row="1" col="4" cloud="0" path="" />
		<data type="19" row="4" col="3" cloud="0" path="" />
	</bubbles>
	<info bubbleNum="28" type="1" start1="2000" start2="6500" start3="19800" colors="1111000" />
</include>