<?xml version="1.0" encoding="UTF-8"?>
<include>
	<bubbles>
		<data type="13" row="4" col="5" cloud="0" path="" />
		<data type="13" row="-16" col="3" cloud="0" path="" />
		<data type="13" row="-16" col="7" cloud="0" path="" />
		<data type="13" row="-32" col="5" cloud="0" path="" />
		<data type="19" row="-16" col="5" cloud="0" path="" />
		<data type="19" row="6" col="8" cloud="0" path="" />
		<data type="27" row="-32" col="1" cloud="0" path="" />
		<data type="19" row="-31" col="7" cloud="8" path="" />
		<data type="19" row="-17" col="4" cloud="0" path="" />
		<data type="19" row="6" col="1" cloud="0" path="" />
		<data type="19" row="6" col="6" cloud="0" path="" />
		<data type="19" row="-14" col="1" cloud="0" path="" />
		<data type="26" row="-18" col="6" cloud="0" path="" />
		<data type="19" row="-33" col="3" cloud="8" path="" />
		<data type="19" row="-12" col="3" cloud="0" path="" />
		<data type="19" row="-17" col="1" cloud="0" path="" />
		<data type="26" row="-27" col="9" cloud="0" path="" />
		<data type="9" row="-36" col="5" cloud="0" path="" />
		<data type="19" row="4" col="2" cloud="0" path="" />
		<data type="19" row="0" col="6" cloud="8" path="" />
		<data type="19" row="6" col="7" cloud="0" path="" />
		<data type="9" row="-13" col="2" cloud="0" path="" />
		<data type="9" row="-33" col="7" cloud="0" path="" />
		<data type="19" row="-30" col="7" cloud="0" path="" />
		<data type="26" row="-32" col="10" cloud="0" path="" />
		<data type="19" row="7" col="6" cloud="8" path="" />
		<data type="19" row="-12" col="4" cloud="0" path="" />
		<data type="19" row="2" col="0" cloud="0" path="" />
		<data type="9" row="-15" col="1" cloud="0" path="" />
		<data type="26" row="-16" col="9" cloud="0" path="" />
		<data type="26" row="-17" col="8" cloud="0" path="" />
		<data type="9" row="-14" col="2" cloud="0" path="" />
		<data type="19" row="0" col="5" cloud="0" path="" />
		<data type="26" row="-32" col="7" cloud="0" path="" />
		<data type="9" row="-35" col="6" cloud="0" path="" />
		<data type="9" row="-33" col="2" cloud="0" path="" />
		<data type="19" row="-18" col="2" cloud="0" path="" />
		<data type="19" row="-29" col="5" cloud="8" path="" />
		<data type="19" row="-33" col="6" cloud="8" path="" />
		<data type="26" row="-30" col="5" cloud="0" path="" />
		<data type="19" row="1" col="6" cloud="8" path="" />
		<data type="26" row="-12" col="6" cloud="0" path="" />
		<data type="10" row="-32" col="8" cloud="0" path="" />
		<data type="19" row="6" col="3" cloud="0" path="" />
		<data type="10" row="-13" col="7" cloud="0" path="" />
		<data type="19" row="2" col="6" cloud="0" path="" />
		<data type="9" row="-17" col="9" cloud="0" path="" />
		<data type="26" row="-28" col="9" cloud="0" path="" />
		<data type="19" row="-34" col="4" cloud="8" path="" />
		<data type="19" row="-15" col="0" cloud="0" path="" />
		<data type="19" row="-16" col="1" cloud="0" path="" />
		<data type="9" row="-35" col="3" cloud="0" path="" />
		<data type="19" row="3" col="7" cloud="8" path="" />
		<data type="19" row="0" col="4" cloud="8" path="" />
		<data type="26" row="-14" col="9" cloud="0" path="" />
		<data type="19" row="7" col="3" cloud="8" path="" />
		<data type="10" row="-32" col="2" cloud="0" path="" />
		<data type="19" row="-12" col="2" cloud="0" path="" />
		<data type="26" row="-30" col="8" cloud="0" path="" />
		<data type="26" row="-13" col="8" cloud="0" path="" />
		<data type="26" row="-15" col="9" cloud="0" path="" />
		<data type="19" row="-34" col="5" cloud="8" path="" />
		<data type="19" row="5" col="7" cloud="8" path="" />
		<data type="19" row="-29" col="3" cloud="8" path="" />
		<data type="19" row="-18" col="3" cloud="0" path="" />
		<data type="9" row="-17" col="0" cloud="0" path="" />
		<data type="19" row="6" col="2" cloud="0" path="" />
		<data type="19" row="-34" col="6" cloud="8" path="" />
		<data type="26" row="-31" col="0" cloud="0" path="" />
		<data type="19" row="2" col="8" cloud="0" path="" />
		<data type="19" row="4" col="8" cloud="0" path="" />
		<data type="19" row="2" col="9" cloud="0" path="" />
		<data type="19" row="6" col="9" cloud="0" path="" />
		<data type="19" row="-32" col="3" cloud="8" path="" />
		<data type="26" row="-33" col="9" cloud="0" path="" />
		<data type="9" row="-34" col="7" cloud="0" path="" />
		<data type="26" row="-27" col="0" cloud="0" path="" />
		<data type="9" row="-35" col="4" cloud="0" path="" />
		<data type="19" row="-12" col="7" cloud="0" path="" />
		<data type="9" row="-18" col="0" cloud="0" path="" />
		<data type="9" row="-31" col="6" cloud="0" path="" />
		<data type="9" row="-34" col="3" cloud="0" path="" />
		<data type="19" row="6" col="10" cloud="0" path="" />
		<data type="26" row="-18" col="7" cloud="0" path="" />
		<data type="19" row="2" col="1" cloud="0" path="" />
		<data type="9" row="-11" col="3" cloud="0" path="" />
		<data type="19" row="5" col="2" cloud="8" path="" />
		<data type="19" row="-29" col="6" cloud="8" path="" />
		<data type="26" row="-33" col="1" cloud="0" path="" />
		<data type="19" row="2" col="10" cloud="0" path="" />
		<data type="26" row="-31" col="8" cloud="0" path="" />
		<data type="19" row="2" col="3" cloud="0" path="" />
		<data type="19" row="-29" col="4" cloud="8" path="" />
		<data type="26" row="-30" col="2" cloud="0" path="" />
		<data type="26" row="-30" col="6" cloud="0" path="" />
		<data type="19" row="-11" col="6" cloud="0" path="" />
		<data type="19" row="2" col="7" cloud="0" path="" />
		<data type="7" row="-32" col="9" cloud="0" path="" />
		<data type="26" row="-31" col="9" cloud="0" path="" />
		<data type="26" row="-33" col="8" cloud="0" path="" />
		<data type="26" row="-31" col="1" cloud="0" path="" />
		<data type="26" row="-14" col="5" cloud="0" path="" />
		<data type="26" row="-28" col="1" cloud="0" path="" />
		<data type="26" row="-18" col="8" cloud="0" path="" />
		<data type="26" row="-29" col="1" cloud="0" path="" />
		<data type="19" row="-31" col="3" cloud="8" path="" />
		<data type="9" row="-18" col="10" cloud="0" path="" />
		<data type="26" row="-30" col="4" cloud="0" path="" />
		<data type="26" row="-15" col="4" cloud="0" path="" />
		<data type="19" row="-14" col="8" cloud="0" path="" />
		<data type="19" row="-18" col="4" cloud="0" path="" />
		<data type="19" row="-30" col="3" cloud="0" path="" />
		<data type="19" row="2" col="5" cloud="0" path="" />
		<data type="9" row="-35" col="5" cloud="0" path="" />
		<data type="19" row="2" col="4" cloud="0" path="" />
		<data type="26" row="-33" col="0" cloud="0" path="" />
		<data type="19" row="6" col="5" cloud="0" path="" />
		<data type="19" row="2" col="2" cloud="0" path="" />
		<data type="19" row="6" col="4" cloud="0" path="" />
		<data type="19" row="-31" col="2" cloud="8" path="" />
		<data type="19" row="-15" col="8" cloud="0" path="" />
		<data type="26" row="-12" col="8" cloud="0" path="" />
		<data type="19" row="3" col="2" cloud="8" path="" />
		<data type="26" row="-29" col="8" cloud="0" path="" />
		<data type="19" row="-15" col="5" cloud="0" path="" />
		<data type="19" row="1" col="3" cloud="8" path="" />
		<data type="26" row="-32" col="0" cloud="0" path="" />
		<data type="19" row="8" col="4" cloud="8" path="" />
		<data type="19" row="8" col="5" cloud="0" path="" />
		<data type="26" row="-17" col="5" cloud="0" path="" />
		<data type="26" row="-13" col="5" cloud="0" path="" />
		<data type="19" row="8" col="6" cloud="8" path="" />
		<data type="19" row="6" col="0" cloud="0" path="" />
		<data type="19" row="-13" col="1" cloud="0" path="" />
		<data type="19" row="-13" col="4" cloud="0" path="" />
	</bubbles>
	<info bubbleNum="42" type="4" start1="6000" start2="43000" start3="62000" colors="1111000" />
</include>