<?xml version="1.0" encoding="UTF-8"?>
<include>
	<bubbles>
		<data type="13" row="90" col="5" cloud="0" path="" />
		<data type="13" row="60" col="5" cloud="0" path="" />
		<data type="13" row="37" col="4" cloud="0" path="" />
		<data type="13" row="12" col="5" cloud="0" path="" />
		<data type="9" row="45" col="1" cloud="0" path="" />
		<data type="19" row="37" col="6" cloud="0" path="" />
		<data type="19" row="93" col="4" cloud="0" path="" />
		<data type="26" row="13" col="2" cloud="0" path="" />
		<data type="19" row="32" col="4" cloud="0" path="" />
		<data type="26" row="10" col="7" cloud="0" path="" />
		<data type="19" row="89" col="8" cloud="0" path="" />
		<data type="21" row="91" col="6" cloud="0" path="" />
		<data type="19" row="41" col="5" cloud="0" path="" />
		<data type="26" row="68" col="5" cloud="0" path="" />
		<data type="19" row="10" col="4" cloud="8" path="" />
		<data type="19" row="42" col="1" cloud="0" path="" />
		<data type="19" row="32" col="5" cloud="0" path="" />
		<data type="26" row="67" col="3" cloud="0" path="" />
		<data type="19" row="62" col="4" cloud="0" path="" />
		<data type="19" row="12" col="7" cloud="8" path="" />
		<data type="19" row="14" col="5" cloud="8" path="" />
		<data type="19" row="41" col="6" cloud="0" path="" />
		<data type="26" row="14" col="3" cloud="0" path="" />
		<data type="19" row="42" col="5" cloud="0" path="" />
		<data type="19" row="17" col="6" cloud="8" path="" />
		<data type="26" row="61" col="0" cloud="0" path="" />
		<data type="9" row="29" col="4" cloud="0" path="" />
		<data type="19" row="44" col="4" cloud="0" path="" />
		<data type="19" row="33" col="2" cloud="0" path="" />
		<data type="26" row="83" col="9" cloud="0" path="" />
		<data type="26" row="77" col="5" cloud="0" path="" />
		<data type="19" row="12" col="1" cloud="8" path="" />
		<data type="26" row="58" col="8" cloud="0" path="" />
		<data type="9" row="30" col="2" cloud="0" path="" />
		<data type="19" row="14" col="10" cloud="8" path="" />
		<data type="26" row="83" col="8" cloud="0" path="" />
		<data type="26" row="57" col="3" cloud="0" path="" />
		<data type="9" row="45" col="3" cloud="0" path="" />
		<data type="26" row="61" col="8" cloud="0" path="" />
		<data type="26" row="84" col="5" cloud="0" path="" />
		<data type="26" row="81" col="0" cloud="0" path="" />
		<data type="19" row="11" col="9" cloud="8" path="" />
		<data type="10" row="59" col="8" cloud="0" path="" />
		<data type="19" row="88" col="1" cloud="0" path="" />
		<data type="26" row="83" col="5" cloud="0" path="" />
		<data type="21" row="93" col="7" cloud="0" path="" />
		<data type="19" row="35" col="5" cloud="0" path="" />
		<data type="26" row="82" col="10" cloud="0" path="" />
		<data type="19" row="44" col="2" cloud="0" path="" />
		<data type="9" row="43" col="5" cloud="0" path="" />
		<data type="19" row="42" col="8" cloud="0" path="" />
		<data type="19" row="9" col="6" cloud="0" path="" />
		<data type="19" row="38" col="6" cloud="0" path="" />
		<data type="26" row="15" col="5" cloud="0" path="" />
		<data type="19" row="87" col="7" cloud="0" path="" />
		<data type="19" row="15" col="6" cloud="0" path="" />
		<data type="21" row="92" col="7" cloud="0" path="" />
		<data type="10" row="62" col="1" cloud="0" path="" />
		<data type="19" row="11" col="6" cloud="8" path="" />
		<data type="19" row="30" col="10" cloud="0" path="" />
		<data type="26" row="85" col="3" cloud="0" path="" />
		<data type="19" row="10" col="6" cloud="8" path="" />
		<data type="19" row="7" col="3" cloud="8" path="" />
		<data type="9" row="34" col="0" cloud="0" path="" />
		<data type="9" row="43" col="6" cloud="0" path="" />
		<data type="19" row="12" col="3" cloud="8" path="" />
		<data type="19" row="89" col="6" cloud="0" path="" />
		<data type="19" row="6" col="6" cloud="8" path="" />
		<data type="19" row="31" col="8" cloud="0" path="" />
		<data type="26" row="65" col="7" cloud="0" path="" />
		<data type="26" row="62" col="2" cloud="0" path="" />
		<data type="19" row="61" col="6" cloud="0" path="" />
		<data type="19" row="89" col="7" cloud="0" path="" />
		<data type="19" row="33" col="4" cloud="0" path="" />
		<data type="19" row="40" col="9" cloud="0" path="" />
		<data type="19" row="87" col="2" cloud="0" path="" />
		<data type="9" row="41" col="9" cloud="0" path="" />
		<data type="19" row="18" col="4" cloud="8" path="" />
		<data type="19" row="63" col="3" cloud="0" path="" />
		<data type="19" row="32" col="0" cloud="0" path="" />
		<data type="19" row="8" col="7" cloud="8" path="" />
		<data type="19" row="0" col="5" cloud="8" path="" />
		<data type="19" row="35" col="6" cloud="0" path="" />
		<data type="19" row="16" col="7" cloud="8" path="" />
		<data type="19" row="18" col="2" cloud="8" path="" />
		<data type="26" row="61" col="1" cloud="0" path="" />
		<data type="19" row="31" col="2" cloud="0" path="" />
		<data type="26" row="86" col="5" cloud="0" path="" />
		<data type="19" row="65" col="4" cloud="0" path="" />
		<data type="9" row="28" col="1" cloud="0" path="" />
		<data type="21" row="91" col="8" cloud="0" path="" />
		<data type="19" row="6" col="8" cloud="8" path="" />
		<data type="19" row="88" col="7" cloud="0" path="" />
		<data type="19" row="17" col="3" cloud="8" path="" />
		<data type="19" row="29" col="0" cloud="0" path="" />
		<data type="10" row="68" col="6" cloud="0" path="" />
		<data type="26" row="83" col="4" cloud="0" path="" />
		<data type="9" row="31" col="5" cloud="0" path="" />
		<data type="19" row="18" col="6" cloud="8" path="" />
		<data type="19" row="34" col="5" cloud="0" path="" />
		<data type="19" row="92" col="5" cloud="0" path="" />
		<data type="19" row="7" col="6" cloud="8" path="" />
		<data type="19" row="12" col="2" cloud="0" path="" />
		<data type="19" row="7" col="2" cloud="0" path="" />
		<data type="26" row="56" col="5" cloud="0" path="" />
		<data type="19" row="30" col="8" cloud="0" path="" />
		<data type="26" row="57" col="6" cloud="0" path="" />
		<data type="26" row="80" col="4" cloud="0" path="" />
		<data type="19" row="8" col="8" cloud="8" path="" />
		<data type="10" row="63" col="2" cloud="0" path="" />
		<data type="26" row="80" col="2" cloud="0" path="" />
		<data type="21" row="92" col="3" cloud="0" path="" />
		<data type="19" row="6" col="4" cloud="8" path="" />
		<data type="19" row="9" col="3" cloud="0" path="" />
		<data type="21" row="93" col="2" cloud="0" path="" />
		<data type="26" row="9" col="5" cloud="0" path="" />
		<data type="21" row="86" col="6" cloud="0" path="" />
		<data type="19" row="33" col="0" cloud="0" path="" />
		<data type="19" row="32" col="8" cloud="0" path="" />
		<data type="19" row="94" col="4" cloud="0" path="" />
		<data type="19" row="87" col="1" cloud="0" path="" />
		<data type="26" row="57" col="4" cloud="0" path="" />
		<data type="19" row="13" col="3" cloud="8" path="" />
		<data type="9" row="34" col="8" cloud="0" path="" />
		<data type="26" row="14" col="7" cloud="0" path="" />
		<data type="19" row="65" col="5" cloud="0" path="" />
		<data type="19" row="62" col="8" cloud="0" path="" />
		<data type="19" row="29" col="5" cloud="0" path="" />
		<data type="19" row="87" col="8" cloud="0" path="" />
		<data type="9" row="39" col="3" cloud="0" path="" />
		<data type="26" row="64" col="8" cloud="0" path="" />
		<data type="10" row="67" col="2" cloud="0" path="" />
		<data type="26" row="64" col="1" cloud="0" path="" />
		<data type="19" row="64" col="7" cloud="0" path="" />
		<data type="10" row="57" col="2" cloud="0" path="" />
		<data type="21" row="92" col="9" cloud="0" path="" />
		<data type="19" row="59" col="6" cloud="0" path="" />
		<data type="26" row="11" col="2" cloud="0" path="" />
		<data type="19" row="7" col="7" cloud="0" path="" />
		<data type="1" row="39" col="2" cloud="0" path="" />
		<data type="19" row="12" col="8" cloud="0" path="" />
		<data type="19" row="29" col="1" cloud="0" path="" />
		<data type="10" row="67" col="7" cloud="0" path="" />
		<data type="9" row="39" col="8" cloud="0" path="" />
		<data type="19" row="12" col="0" cloud="0" path="" />
		<data type="19" row="31" col="4" cloud="0" path="" />
		<data type="19" row="32" col="6" cloud="0" path="" />
		<data type="19" row="44" col="0" cloud="0" path="" />
		<data type="21" row="92" col="1" cloud="0" path="" />
		<data type="9" row="41" col="4" cloud="0" path="" />
		<data type="21" row="91" col="1" cloud="0" path="" />
		<data type="19" row="42" col="7" cloud="0" path="" />
		<data type="9" row="39" col="4" cloud="0" path="" />
		<data type="10" row="62" col="9" cloud="0" path="" />
		<data type="19" row="88" col="9" cloud="0" path="" />
		<data type="19" row="63" col="5" cloud="0" path="" />
		<data type="19" row="13" col="9" cloud="8" path="" />
		<data type="26" row="79" col="1" cloud="0" path="" />
		<data type="26" row="64" col="9" cloud="0" path="" />
		<data type="19" row="15" col="3" cloud="0" path="" />
		<data type="21" row="93" col="1" cloud="0" path="" />
		<data type="19" row="33" col="6" cloud="0" path="" />
		<data type="19" row="38" col="5" cloud="0" path="" />
		<data type="26" row="59" col="7" cloud="0" path="" />
		<data type="19" row="8" col="9" cloud="8" path="" />
		<data type="26" row="82" col="7" cloud="0" path="" />
		<data type="26" row="59" col="2" cloud="0" path="" />
		<data type="7" row="64" col="5" cloud="0" path="" />
		<data type="19" row="65" col="6" cloud="0" path="" />
		<data type="19" row="58" col="5" cloud="0" path="" />
		<data type="19" row="12" col="9" cloud="8" path="" />
		<data type="19" row="11" col="0" cloud="8" path="" />
		<data type="26" row="81" col="8" cloud="0" path="" />
		<data type="26" row="67" col="4" cloud="0" path="" />
		<data type="26" row="68" col="3" cloud="0" path="" />
		<data type="19" row="61" col="2" cloud="0" path="" />
		<data type="26" row="58" col="2" cloud="0" path="" />
		<data type="19" row="41" col="7" cloud="0" path="" />
		<data type="19" row="42" col="4" cloud="0" path="" />
		<data type="21" row="91" col="3" cloud="0" path="" />
		<data type="9" row="34" col="3" cloud="0" path="" />
		<data type="19" row="61" col="7" cloud="0" path="" />
		<data type="19" row="33" col="8" cloud="0" path="" />
		<data type="19" row="58" col="6" cloud="0" path="" />
		<data type="19" row="42" col="3" cloud="0" path="" />
		<data type="19" row="33" col="7" cloud="0" path="" />
		<data type="19" row="41" col="8" cloud="0" path="" />
		<data type="19" row="16" col="3" cloud="8" path="" />
		<data type="19" row="16" col="1" cloud="8" path="" />
		<data type="19" row="88" col="8" cloud="0" path="" />
		<data type="10" row="65" col="8" cloud="0" path="" />
		<data type="9" row="40" col="7" cloud="0" path="" />
		<data type="19" row="30" col="6" cloud="0" path="" />
		<data type="19" row="40" col="8" cloud="0" path="" />
		<data type="19" row="11" col="3" cloud="8" path="" />
		<data type="10" row="56" col="6" cloud="0" path="" />
		<data type="21" row="91" col="2" cloud="0" path="" />
		<data type="26" row="60" col="2" cloud="0" path="" />
		<data type="19" row="60" col="7" cloud="0" path="" />
		<data type="9" row="29" col="7" cloud="0" path="" />
		<data type="26" row="67" col="5" cloud="0" path="" />
		<data type="9" row="43" col="2" cloud="0" path="" />
		<data type="9" row="31" col="9" cloud="0" path="" />
		<data type="26" row="63" col="9" cloud="0" path="" />
		<data type="19" row="61" col="3" cloud="0" path="" />
		<data type="19" row="89" col="2" cloud="0" path="" />
		<data type="19" row="34" col="7" cloud="0" path="" />
		<data type="9" row="34" col="4" cloud="0" path="" />
		<data type="19" row="94" col="6" cloud="0" path="" />
		<data type="19" row="6" col="2" cloud="8" path="" />
		<data type="19" row="31" col="0" cloud="0" path="" />
		<data type="10" row="68" col="4" cloud="0" path="" />
		<data type="19" row="14" col="6" cloud="8" path="" />
		<data type="19" row="36" col="7" cloud="0" path="" />
		<data type="19" row="30" col="9" cloud="0" path="" />
		<data type="19" row="66" col="5" cloud="0" path="" />
		<data type="9" row="45" col="2" cloud="0" path="" />
		<data type="10" row="63" col="7" cloud="0" path="" />
		<data type="26" row="56" col="3" cloud="0" path="" />
		<data type="26" row="79" col="4" cloud="0" path="" />
		<data type="21" row="93" col="8" cloud="0" path="" />
		<data type="19" row="30" col="7" cloud="0" path="" />
		<data type="19" row="32" col="9" cloud="0" path="" />
		<data type="19" row="36" col="5" cloud="0" path="" />
		<data type="19" row="16" col="8" cloud="8" path="" />
		<data type="19" row="10" col="0" cloud="8" path="" />
		<data type="19" row="42" col="9" cloud="0" path="" />
		<data type="19" row="63" col="4" cloud="0" path="" />
		<data type="19" row="58" col="4" cloud="0" path="" />
		<data type="26" row="79" col="2" cloud="0" path="" />
		<data type="26" row="61" col="9" cloud="0" path="" />
		<data type="26" row="15" col="4" cloud="0" path="" />
		<data type="9" row="30" col="0" cloud="0" path="" />
		<data type="26" row="66" col="3" cloud="0" path="" />
		<data type="19" row="42" col="6" cloud="0" path="" />
		<data type="26" row="11" col="7" cloud="0" path="" />
		<data type="19" row="13" col="0" cloud="8" path="" />
		<data type="19" row="33" col="5" cloud="0" path="" />
		<data type="19" row="30" col="5" cloud="0" path="" />
		<data type="19" row="43" col="1" cloud="0" path="" />
		<data type="19" row="30" col="1" cloud="0" path="" />
		<data type="19" row="45" col="0" cloud="0" path="" />
		<data type="19" row="14" col="0" cloud="8" path="" />
		<data type="26" row="82" col="9" cloud="0" path="" />
		<data type="19" row="89" col="3" cloud="0" path="" />
		<data type="19" row="38" col="7" cloud="0" path="" />
		<data type="9" row="37" col="7" cloud="0" path="" />
		<data type="9" row="32" col="1" cloud="0" path="" />
		<data type="21" row="86" col="4" cloud="0" path="" />
		<data type="19" row="66" col="6" cloud="0" path="" />
		<data type="19" row="13" col="6" cloud="8" path="" />
		<data type="19" row="64" col="4" cloud="0" path="" />
		<data type="1" row="37" col="2" cloud="0" path="" />
		<data type="26" row="63" col="0" cloud="0" path="" />
		<data type="21" row="87" col="4" cloud="0" path="" />
		<data type="19" row="40" col="6" cloud="0" path="" />
		<data type="9" row="42" col="2" cloud="0" path="" />
		<data type="26" row="81" col="4" cloud="0" path="" />
		<data type="26" row="58" col="3" cloud="0" path="" />
		<data type="26" row="63" col="1" cloud="0" path="" />
		<data type="26" row="9" col="4" cloud="0" path="" />
		<data type="26" row="63" col="8" cloud="0" path="" />
		<data type="19" row="32" col="2" cloud="0" path="" />
		<data type="26" row="13" col="7" cloud="0" path="" />
		<data type="19" row="62" col="5" cloud="0" path="" />
		<data type="19" row="10" col="10" cloud="8" path="" />
		<data type="19" row="62" col="6" cloud="0" path="" />
		<data type="26" row="64" col="2" cloud="0" path="" />
		<data type="19" row="60" col="3" cloud="0" path="" />
		<data type="26" row="78" col="5" cloud="0" path="" />
		<data type="19" row="33" col="3" cloud="0" path="" />
		<data type="26" row="67" col="6" cloud="0" path="" />
		<data type="19" row="65" col="3" cloud="0" path="" />
		<data type="19" row="14" col="4" cloud="8" path="" />
		<data type="19" row="95" col="5" cloud="0" path="" />
		<data type="19" row="10" col="5" cloud="8" path="" />
		<data type="9" row="44" col="5" cloud="0" path="" />
		<data type="26" row="66" col="7" cloud="0" path="" />
		<data type="19" row="32" col="7" cloud="0" path="" />
		<data type="26" row="92" col="8" cloud="0" path="" />
		<data type="19" row="36" col="6" cloud="0" path="" />
		<data type="21" row="88" col="5" cloud="0" path="" />
		<data type="26" row="80" col="1" cloud="0" path="" />
		<data type="19" row="12" col="10" cloud="0" path="" />
		<data type="26" row="57" col="5" cloud="0" path="" />
		<data type="19" row="31" col="7" cloud="0" path="" />
		<data type="19" row="64" col="3" cloud="0" path="" />
		<data type="19" row="17" col="7" cloud="0" path="" />
		<data type="19" row="59" col="3" cloud="0" path="" />
		<data type="19" row="93" col="5" cloud="0" path="" />
		<data type="26" row="92" col="2" cloud="0" path="" />
		<data type="10" row="59" col="1" cloud="0" path="" />
		<data type="26" row="56" col="7" cloud="0" path="" />
		<data type="19" row="88" col="2" cloud="0" path="" />
		<data type="26" row="80" col="3" cloud="0" path="" />
		<data type="19" row="43" col="4" cloud="0" path="" />
		<data type="9" row="39" col="5" cloud="0" path="" />
		<data type="26" row="83" col="6" cloud="0" path="" />
		<data type="21" row="87" col="5" cloud="0" path="" />
		<data type="19" row="62" col="3" cloud="0" path="" />
		<data type="26" row="60" col="9" cloud="0" path="" />
		<data type="19" row="31" col="1" cloud="0" path="" />
		<data type="9" row="42" col="0" cloud="0" path="" />
		<data type="19" row="89" col="1" cloud="0" path="" />
		<data type="26" row="82" col="5" cloud="0" path="" />
		<data type="19" row="88" col="3" cloud="0" path="" />
		<data type="9" row="37" col="1" cloud="0" path="" />
		<data type="19" row="62" col="7" cloud="0" path="" />
		<data type="19" row="94" col="5" cloud="0" path="" />
		<data type="19" row="95" col="4" cloud="0" path="" />
		<data type="19" row="63" col="6" cloud="0" path="" />
		<data type="19" row="66" col="4" cloud="0" path="" />
		<data type="19" row="64" col="6" cloud="0" path="" />
		<data type="19" row="39" col="6" cloud="0" path="" />
		<data type="26" row="68" col="7" cloud="0" path="" />
		<data type="19" row="43" col="3" cloud="0" path="" />
		<data type="19" row="44" col="3" cloud="0" path="" />
		<data type="2" row="38" col="2" cloud="0" path="" />
		<data type="21" row="91" col="7" cloud="0" path="" />
		<data type="21" row="85" col="4" cloud="0" path="" />
		<data type="26" row="81" col="1" cloud="0" path="" />
		<data type="19" row="43" col="0" cloud="0" path="" />
		<data type="26" row="60" col="8" cloud="0" path="" />
		<data type="19" row="35" col="4" cloud="0" path="" />
		<data type="19" row="8" col="2" cloud="8" path="" />
		<data type="19" row="16" col="9" cloud="8" path="" />
		<data type="19" row="8" col="1" cloud="8" path="" />
		<data type="26" row="66" col="8" cloud="0" path="" />
		<data type="19" row="8" col="3" cloud="8" path="" />
		<data type="19" row="44" col="1" cloud="0" path="" />
		<data type="19" row="39" col="7" cloud="0" path="" />
		<data type="9" row="34" col="6" cloud="0" path="" />
		<data type="26" row="10" col="3" cloud="0" path="" />
		<data type="19" row="16" col="2" cloud="8" path="" />
		<data type="19" row="18" col="8" cloud="8" path="" />
		<data type="26" row="81" col="7" cloud="0" path="" />
		<data type="19" row="31" col="3" cloud="0" path="" />
		<data type="26" row="80" col="0" cloud="0" path="" />
		<data type="10" row="56" col="4" cloud="0" path="" />
		<data type="26" row="60" col="1" cloud="0" path="" />
		<data type="19" row="43" col="8" cloud="0" path="" />
		<data type="19" row="17" col="2" cloud="0" path="" />
		<data type="26" row="84" col="4" cloud="0" path="" />
		<data type="26" row="58" col="7" cloud="0" path="" />
		<data type="10" row="65" col="1" cloud="0" path="" />
		<data type="26" row="66" col="2" cloud="0" path="" />
		<data type="26" row="65" col="2" cloud="0" path="" />
		<data type="19" row="32" col="3" cloud="0" path="" />
		<data type="10" row="57" col="7" cloud="0" path="" />
		<data type="26" row="82" col="8" cloud="0" path="" />
		<data type="19" row="31" col="6" cloud="0" path="" />
		<data type="21" row="85" col="5" cloud="0" path="" />
	</bubbles>
	<info bubbleNum="4" type="4" start1="20000" start2="400000" start3="700000" colors="1111000" />
</include>