<?xml version="1.0" encoding="UTF-8"?>
<include>
	<bubbles>
		<data type="19" row="13" col="5" cloud="0" path="" />
		<data type="19" row="12" col="7" cloud="0" path="" />
		<data type="19" row="47" col="6" cloud="8" path="" />
		<data type="19" row="46" col="4" cloud="0" path="" />
		<data type="3" row="31" col="0" cloud="0" path="" />
		<data type="19" row="29" col="3" cloud="8" path="" />
		<data type="19" row="29" col="8" cloud="0" path="" />
		<data type="19" row="46" col="9" cloud="0" path="" />
		<data type="19" row="38" col="8" cloud="0" path="" />
		<data type="19" row="40" col="5" cloud="0" path="" />
		<data type="0" row="9" col="1" cloud="0" path="" />
		<data type="19" row="23" col="8" cloud="8" path="" />
		<data type="3" row="3" col="2" cloud="0" path="" />
		<data type="19" row="38" col="0" cloud="0" path="" />
		<data type="0" row="48" col="6" cloud="0" path="" />
		<data type="2" row="37" col="9" cloud="0" path="" />
		<data type="1" row="21" col="1" cloud="0" path="" />
		<data type="19" row="30" col="0" cloud="0" path="" />
		<data type="19" row="17" col="3" cloud="8" path="" />
		<data type="2" row="41" col="4" cloud="0" path="" />
		<data type="19" row="47" col="2" cloud="8" path="" />
		<data type="19" row="14" col="1" cloud="0" path="" />
		<data type="1" row="36" col="9" cloud="0" path="" />
		<data type="19" row="27" col="6" cloud="0" path="" />
		<data type="19" row="4" col="4" cloud="0" path="" />
		<data type="19" row="14" col="5" cloud="8" path="" />
		<data type="19" row="4" col="2" cloud="0" path="" />
		<data type="19" row="4" col="3" cloud="0" path="" />
		<data type="2" row="37" col="1" cloud="0" path="" />
		<data type="19" row="5" col="1" cloud="0" path="" />
		<data type="0" row="8" col="2" cloud="0" path="" />
		<data type="3" row="5" col="3" cloud="0" path="" />
		<data type="19" row="41" col="3" cloud="8" path="" />
		<data type="19" row="38" col="9" cloud="8" path="" />
		<data type="0" row="12" col="3" cloud="0" path="" />
		<data type="19" row="26" col="10" cloud="0" path="" />
		<data type="19" row="48" col="3" cloud="0" path="" />
		<data type="19" row="6" col="10" cloud="0" path="" />
		<data type="19" row="24" col="10" cloud="0" path="" />
		<data type="0" row="47" col="9" cloud="0" path="" />
		<data type="19" row="23" col="9" cloud="0" path="" />
		<data type="2" row="22" col="3" cloud="0" path="" />
		<data type="19" row="29" col="0" cloud="0" path="" />
		<data type="3" row="32" col="10" cloud="0" path="" />
		<data type="19" row="22" col="5" cloud="0" path="" />
		<data type="19" row="16" col="0" cloud="0" path="" />
		<data type="19" row="0" col="2" cloud="0" path="" />
		<data type="19" row="38" col="3" cloud="8" path="" />
		<data type="2" row="23" col="6" cloud="0" path="" />
		<data type="19" row="12" col="9" cloud="0" path="" />
		<data type="19" row="42" col="0" cloud="0" path="" />
		<data type="3" row="6" col="0" cloud="0" path="" />
		<data type="19" row="16" col="7" cloud="0" path="" />
		<data type="19" row="25" col="9" cloud="0" path="" />
		<data type="1" row="36" col="0" cloud="0" path="" />
		<data type="0" row="43" col="2" cloud="0" path="" />
		<data type="19" row="0" col="1" cloud="0" path="" />
		<data type="0" row="49" col="4" cloud="0" path="" />
		<data type="19" row="0" col="9" cloud="0" path="" />
		<data type="19" row="17" col="6" cloud="0" path="" />
		<data type="19" row="24" col="9" cloud="0" path="" />
		<data type="19" row="48" col="5" cloud="0" path="" />
		<data type="1" row="21" col="7" cloud="0" path="" />
		<data type="19" row="50" col="10" cloud="0" path="" />
		<data type="19" row="49" col="9" cloud="0" path="" />
		<data type="1" row="19" col="9" cloud="0" path="" />
		<data type="19" row="20" col="8" cloud="8" path="" />
		<data type="19" row="19" col="7" cloud="0" path="" />
		<data type="3" row="1" col="8" cloud="0" path="" />
		<data type="19" row="35" col="4" cloud="0" path="" />
		<data type="0" row="44" col="3" cloud="0" path="" />
		<data type="1" row="15" col="6" cloud="0" path="" />
		<data type="19" row="50" col="9" cloud="0" path="" />
		<data type="19" row="36" col="6" cloud="0" path="" />
		<data type="19" row="36" col="4" cloud="0" path="" />
		<data type="19" row="26" col="0" cloud="8" path="" />
		<data type="19" row="5" col="5" cloud="8" path="" />
		<data type="19" row="9" col="3" cloud="0" path="" />
		<data type="0" row="13" col="9" cloud="0" path="" />
		<data type="19" row="35" col="6" cloud="0" path="" />
		<data type="19" row="7" col="0" cloud="0" path="" />
		<data type="19" row="28" col="3" cloud="0" path="" />
		<data type="19" row="36" col="5" cloud="0" path="" />
		<data type="1" row="19" col="6" cloud="0" path="" />
		<data type="19" row="0" col="7" cloud="0" path="" />
		<data type="19" row="26" col="2" cloud="0" path="" />
		<data type="19" row="12" col="8" cloud="0" path="" />
		<data type="19" row="37" col="2" cloud="0" path="" />
		<data type="19" row="5" col="6" cloud="0" path="" />
		<data type="19" row="23" col="0" cloud="0" path="" />
		<data type="19" row="24" col="0" cloud="0" path="" />
		<data type="0" row="13" col="8" cloud="0" path="" />
		<data type="19" row="10" col="9" cloud="0" path="" />
		<data type="0" row="9" col="0" cloud="0" path="" />
		<data type="19" row="27" col="1" cloud="0" path="" />
		<data type="19" row="23" col="1" cloud="0" path="" />
		<data type="1" row="20" col="1" cloud="0" path="" />
		<data type="19" row="10" col="8" cloud="0" path="" />
		<data type="2" row="41" col="2" cloud="0" path="" />
		<data type="0" row="48" col="8" cloud="0" path="" />
		<data type="19" row="18" col="7" cloud="0" path="" />
		<data type="0" row="25" col="2" cloud="0" path="" />
		<data type="19" row="42" col="3" cloud="0" path="" />
		<data type="19" row="10" col="7" cloud="0" path="" />
		<data type="0" row="13" col="7" cloud="0" path="" />
		<data type="19" row="11" col="8" cloud="8" path="" />
		<data type="0" row="10" col="10" cloud="0" path="" />
		<data type="1" row="19" col="4" cloud="0" path="" />
		<data type="19" row="27" col="2" cloud="0" path="" />
		<data type="19" row="26" col="4" cloud="8" path="" />
		<data type="0" row="12" col="10" cloud="0" path="" />
		<data type="19" row="30" col="8" cloud="0" path="" />
		<data type="0" row="9" col="9" cloud="0" path="" />
		<data type="0" row="44" col="4" cloud="0" path="" />
		<data type="19" row="29" col="9" cloud="8" path="" />
		<data type="0" row="10" col="4" cloud="0" path="" />
		<data type="1" row="16" col="5" cloud="0" path="" />
		<data type="19" row="40" col="1" cloud="0" path="" />
		<data type="2" row="42" col="2" cloud="0" path="" />
		<data type="3" row="31" col="7" cloud="0" path="" />
		<data type="2" row="24" col="6" cloud="0" path="" />
		<data type="19" row="27" col="3" cloud="0" path="" />
		<data type="19" row="50" col="2" cloud="8" path="" />
		<data type="19" row="10" col="0" cloud="0" path="" />
		<data type="19" row="18" col="9" cloud="0" path="" />
		<data type="19" row="30" col="9" cloud="0" path="" />
		<data type="19" row="26" col="3" cloud="0" path="" />
		<data type="19" row="0" col="10" cloud="0" path="" />
		<data type="0" row="26" col="1" cloud="0" path="" />
		<data type="19" row="24" col="7" cloud="0" path="" />
		<data type="19" row="5" col="7" cloud="0" path="" />
		<data type="19" row="17" col="4" cloud="0" path="" />
		<data type="19" row="21" col="6" cloud="0" path="" />
		<data type="19" row="28" col="10" cloud="0" path="" />
		<data type="19" row="30" col="10" cloud="0" path="" />
		<data type="0" row="48" col="7" cloud="0" path="" />
		<data type="0" row="46" col="10" cloud="0" path="" />
		<data type="2" row="37" col="0" cloud="0" path="" />
		<data type="19" row="20" col="6" cloud="8" path="" />
		<data type="19" row="37" col="3" cloud="0" path="" />
		<data type="19" row="7" col="6" cloud="0" path="" />
		<data type="19" row="22" col="6" cloud="0" path="" />
		<data type="0" row="9" col="6" cloud="0" path="" />
		<data type="19" row="21" col="5" cloud="0" path="" />
		<data type="19" row="45" col="2" cloud="0" path="" />
		<data type="19" row="43" col="8" cloud="0" path="" />
		<data type="19" row="50" col="8" cloud="8" path="" />
		<data type="1" row="20" col="7" cloud="0" path="" />
		<data type="19" row="49" col="6" cloud="0" path="" />
		<data type="19" row="4" col="7" cloud="0" path="" />
		<data type="19" row="18" col="2" cloud="0" path="" />
		<data type="19" row="48" col="10" cloud="0" path="" />
		<data type="19" row="4" col="1" cloud="0" path="" />
		<data type="19" row="31" col="8" cloud="0" path="" />
		<data type="19" row="17" col="2" cloud="0" path="" />
		<data type="19" row="18" col="4" cloud="0" path="" />
		<data type="19" row="44" col="10" cloud="8" path="" />
		<data type="3" row="5" col="4" cloud="0" path="" />
		<data type="19" row="32" col="0" cloud="8" path="" />
		<data type="19" row="34" col="2" cloud="0" path="" />
		<data type="19" row="50" col="7" cloud="0" path="" />
		<data type="0" row="29" col="4" cloud="0" path="" />
		<data type="19" row="42" col="10" cloud="0" path="" />
		<data type="19" row="33" col="1" cloud="0" path="" />
		<data type="19" row="50" col="3" cloud="0" path="" />
		<data type="19" row="27" col="8" cloud="0" path="" />
		<data type="19" row="15" col="2" cloud="0" path="" />
		<data type="19" row="31" col="9" cloud="0" path="" />
		<data type="19" row="50" col="1" cloud="0" path="" />
		<data type="19" row="46" col="8" cloud="0" path="" />
		<data type="19" row="7" col="1" cloud="0" path="" />
		<data type="19" row="44" col="9" cloud="0" path="" />
		<data type="19" row="14" col="2" cloud="8" path="" />
		<data type="19" row="33" col="2" cloud="0" path="" />
		<data type="2" row="41" col="8" cloud="0" path="" />
		<data type="19" row="10" col="1" cloud="0" path="" />
		<data type="19" row="15" col="0" cloud="0" path="" />
		<data type="19" row="46" col="6" cloud="0" path="" />
		<data type="0" row="28" col="6" cloud="0" path="" />
		<data type="19" row="43" col="9" cloud="0" path="" />
		<data type="19" row="18" col="5" cloud="0" path="" />
		<data type="19" row="0" col="5" cloud="0" path="" />
		<data type="0" row="45" col="5" cloud="0" path="" />
		<data type="19" row="11" col="7" cloud="0" path="" />
		<data type="19" row="44" col="6" cloud="8" path="" />
		<data type="2" row="22" col="9" cloud="0" path="" />
		<data type="19" row="2" col="1" cloud="8" path="" />
		<data type="19" row="30" col="6" cloud="0" path="" />
		<data type="19" row="29" col="6" cloud="0" path="" />
		<data type="19" row="0" col="4" cloud="0" path="" />
		<data type="3" row="4" col="10" cloud="0" path="" />
		<data type="19" row="49" col="7" cloud="0" path="" />
		<data type="19" row="12" col="5" cloud="0" path="" />
		<data type="19" row="0" col="6" cloud="0" path="" />
		<data type="19" row="1" col="5" cloud="0" path="" />
		<data type="3" row="3" col="4" cloud="0" path="" />
		<data type="19" row="24" col="1" cloud="0" path="" />
		<data type="19" row="1" col="4" cloud="0" path="" />
		<data type="19" row="29" col="5" cloud="8" path="" />
		<data type="3" row="3" col="0" cloud="0" path="" />
		<data type="0" row="25" col="3" cloud="0" path="" />
		<data type="19" row="2" col="5" cloud="8" path="" />
		<data type="19" row="30" col="7" cloud="0" path="" />
		<data type="0" row="44" col="5" cloud="0" path="" />
		<data type="19" row="8" col="10" cloud="0" path="" />
		<data type="2" row="22" col="10" cloud="0" path="" />
		<data type="19" row="39" col="6" cloud="0" path="" />
		<data type="3" row="3" col="3" cloud="0" path="" />
		<data type="19" row="2" col="3" cloud="8" path="" />
		<data type="1" row="17" col="0" cloud="0" path="" />
		<data type="19" row="18" col="3" cloud="0" path="" />
		<data type="19" row="14" col="0" cloud="0" path="" />
		<data type="0" row="28" col="2" cloud="0" path="" />
		<data type="19" row="23" col="7" cloud="0" path="" />
		<data type="19" row="3" col="1" cloud="0" path="" />
		<data type="19" row="14" col="9" cloud="0" path="" />
		<data type="3" row="31" col="3" cloud="0" path="" />
		<data type="19" row="34" col="3" cloud="0" path="" />
		<data type="19" row="35" col="1" cloud="8" path="" />
		<data type="1" row="36" col="10" cloud="0" path="" />
		<data type="19" row="47" col="3" cloud="0" path="" />
		<data type="0" row="11" col="9" cloud="0" path="" />
		<data type="0" row="49" col="3" cloud="0" path="" />
		<data type="0" row="48" col="2" cloud="0" path="" />
		<data type="1" row="15" col="7" cloud="0" path="" />
		<data type="19" row="48" col="4" cloud="0" path="" />
		<data type="0" row="26" col="6" cloud="0" path="" />
		<data type="19" row="14" col="8" cloud="8" path="" />
		<data type="0" row="9" col="8" cloud="0" path="" />
		<data type="1" row="35" col="3" cloud="0" path="" />
		<data type="3" row="2" col="2" cloud="0" path="" />
		<data type="0" row="27" col="9" cloud="0" path="" />
		<data type="3" row="6" col="1" cloud="0" path="" />
		<data type="19" row="43" col="3" cloud="0" path="" />
		<data type="1" row="15" col="8" cloud="0" path="" />
		<data type="0" row="49" col="2" cloud="0" path="" />
		<data type="0" row="25" col="1" cloud="0" path="" />
		<data type="19" row="15" col="3" cloud="0" path="" />
		<data type="19" row="25" col="5" cloud="0" path="" />
		<data type="19" row="35" col="2" cloud="0" path="" />
		<data type="19" row="50" col="6" cloud="0" path="" />
		<data type="1" row="36" col="1" cloud="0" path="" />
		<data type="19" row="2" col="4" cloud="0" path="" />
		<data type="19" row="47" col="7" cloud="0" path="" />
		<data type="19" row="33" col="3" cloud="0" path="" />
		<data type="19" row="1" col="3" cloud="0" path="" />
		<data type="19" row="43" col="6" cloud="0" path="" />
		<data type="19" row="32" col="2" cloud="0" path="" />
		<data type="19" row="8" col="9" cloud="8" path="" />
		<data type="0" row="26" col="5" cloud="0" path="" />
		<data type="1" row="20" col="3" cloud="0" path="" />
		<data type="19" row="11" col="4" cloud="8" path="" />
		<data type="19" row="27" col="5" cloud="0" path="" />
		<data type="2" row="40" col="4" cloud="0" path="" />
		<data type="3" row="2" col="0" cloud="0" path="" />
		<data type="19" row="8" col="0" cloud="0" path="" />
		<data type="19" row="19" col="2" cloud="0" path="" />
		<data type="1" row="34" col="5" cloud="0" path="" />
		<data type="19" row="40" col="7" cloud="0" path="" />
		<data type="1" row="36" col="2" cloud="0" path="" />
		<data type="1" row="21" col="2" cloud="0" path="" />
		<data type="19" row="8" col="8" cloud="0" path="" />
		<data type="19" row="7" col="7" cloud="0" path="" />
		<data type="3" row="5" col="9" cloud="0" path="" />
		<data type="0" row="9" col="7" cloud="0" path="" />
		<data type="19" row="7" col="8" cloud="0" path="" />
		<data type="3" row="32" col="8" cloud="0" path="" />
		<data type="19" row="20" col="2" cloud="8" path="" />
		<data type="19" row="11" col="0" cloud="8" path="" />
		<data type="0" row="26" col="9" cloud="0" path="" />
		<data type="2" row="42" col="5" cloud="0" path="" />
		<data type="19" row="20" col="4" cloud="8" path="" />
		<data type="19" row="17" col="1" cloud="0" path="" />
		<data type="19" row="33" col="5" cloud="0" path="" />
		<data type="1" row="19" col="3" cloud="0" path="" />
		<data type="19" row="8" col="1" cloud="8" path="" />
		<data type="19" row="21" col="3" cloud="0" path="" />
		<data type="19" row="43" col="5" cloud="0" path="" />
		<data type="3" row="1" col="0" cloud="0" path="" />
		<data type="3" row="31" col="6" cloud="0" path="" />
		<data type="19" row="15" col="1" cloud="0" path="" />
		<data type="19" row="5" col="8" cloud="8" path="" />
		<data type="3" row="33" col="9" cloud="0" path="" />
		<data type="19" row="50" col="4" cloud="0" path="" />
		<data type="19" row="17" col="9" cloud="0" path="" />
		<data type="1" row="16" col="1" cloud="0" path="" />
		<data type="19" row="26" col="8" cloud="8" path="" />
		<data type="19" row="21" col="4" cloud="0" path="" />
		<data type="1" row="16" col="3" cloud="0" path="" />
		<data type="1" row="16" col="2" cloud="0" path="" />
		<data type="1" row="34" col="4" cloud="0" path="" />
		<data type="0" row="48" col="9" cloud="0" path="" />
		<data type="19" row="9" col="2" cloud="0" path="" />
		<data type="3" row="31" col="2" cloud="0" path="" />
		<data type="2" row="22" col="7" cloud="0" path="" />
		<data type="19" row="43" col="4" cloud="0" path="" />
		<data type="19" row="23" col="5" cloud="8" path="" />
		<data type="19" row="5" col="0" cloud="0" path="" />
		<data type="19" row="10" col="2" cloud="0" path="" />
		<data type="2" row="39" col="2" cloud="0" path="" />
		<data type="0" row="48" col="1" cloud="0" path="" />
		<data type="19" row="14" col="4" cloud="0" path="" />
		<data type="1" row="16" col="10" cloud="0" path="" />
		<data type="0" row="28" col="5" cloud="0" path="" />
		<data type="0" row="10" col="5" cloud="0" path="" />
		<data type="19" row="19" col="1" cloud="0" path="" />
		<data type="19" row="23" col="3" cloud="0" path="" />
		<data type="1" row="19" col="0" cloud="0" path="" />
		<data type="19" row="41" col="9" cloud="8" path="" />
		<data type="19" row="0" col="0" cloud="0" path="" />
		<data type="19" row="24" col="3" cloud="0" path="" />
		<data type="3" row="33" col="8" cloud="0" path="" />
		<data type="19" row="18" col="6" cloud="0" path="" />
		<data type="19" row="49" col="8" cloud="0" path="" />
		<data type="19" row="15" col="4" cloud="0" path="" />
		<data type="19" row="10" col="6" cloud="0" path="" />
		<data type="19" row="0" col="3" cloud="0" path="" />
		<data type="1" row="15" col="9" cloud="0" path="" />
		<data type="19" row="28" col="4" cloud="0" path="" />
		<data type="19" row="14" col="3" cloud="0" path="" />
		<data type="1" row="18" col="0" cloud="0" path="" />
		<data type="19" row="35" col="5" cloud="8" path="" />
		<data type="19" row="14" col="7" cloud="0" path="" />
		<data type="19" row="16" col="9" cloud="0" path="" />
		<data type="2" row="42" col="6" cloud="0" path="" />
		<data type="19" row="47" col="4" cloud="8" path="" />
		<data type="19" row="33" col="7" cloud="0" path="" />
		<data type="19" row="27" col="4" cloud="0" path="" />
		<data type="19" row="46" col="5" cloud="0" path="" />
		<data type="19" row="4" col="0" cloud="0" path="" />
		<data type="19" row="45" col="3" cloud="0" path="" />
		<data type="19" row="14" col="10" cloud="0" path="" />
		<data type="0" row="43" col="1" cloud="0" path="" />
		<data type="19" row="33" col="4" cloud="0" path="" />
		<data type="19" row="46" col="3" cloud="0" path="" />
		<data type="19" row="37" col="4" cloud="0" path="" />
		<data type="0" row="28" col="1" cloud="0" path="" />
		<data type="0" row="25" col="4" cloud="0" path="" />
		<data type="19" row="4" col="6" cloud="0" path="" />
		<data type="1" row="35" col="7" cloud="0" path="" />
		<data type="2" row="39" col="9" cloud="0" path="" />
		<data type="2" row="40" col="10" cloud="0" path="" />
		<data type="19" row="4" col="5" cloud="0" path="" />
		<data type="0" row="28" col="0" cloud="0" path="" />
		<data type="0" row="45" col="9" cloud="0" path="" />
		<data type="19" row="7" col="2" cloud="0" path="" />
		<data type="0" row="27" col="0" cloud="0" path="" />
		<data type="19" row="12" col="0" cloud="0" path="" />
		<data type="19" row="44" col="2" cloud="8" path="" />
		<data type="19" row="18" col="10" cloud="0" path="" />
		<data type="0" row="8" col="3" cloud="0" path="" />
		<data type="19" row="38" col="5" cloud="8" path="" />
		<data type="19" row="4" col="9" cloud="0" path="" />
		<data type="1" row="16" col="6" cloud="0" path="" />
		<data type="19" row="15" col="5" cloud="0" path="" />
		<data type="19" row="34" col="9" cloud="0" path="" />
		<data type="19" row="42" col="4" cloud="0" path="" />
		<data type="19" row="14" col="6" cloud="0" path="" />
		<data type="3" row="3" col="9" cloud="0" path="" />
		<data type="19" row="32" col="5" cloud="0" path="" />
		<data type="19" row="13" col="4" cloud="0" path="" />
		<data type="19" row="1" col="6" cloud="0" path="" />
		<data type="19" row="45" col="4" cloud="0" path="" />
		<data type="1" row="16" col="4" cloud="0" path="" />
		<data type="19" row="46" col="1" cloud="0" path="" />
		<data type="19" row="46" col="0" cloud="0" path="" />
		<data type="19" row="1" col="7" cloud="0" path="" />
		<data type="3" row="6" col="3" cloud="0" path="" />
		<data type="3" row="31" col="1" cloud="0" path="" />
		<data type="19" row="44" col="8" cloud="0" path="" />
		<data type="2" row="23" col="4" cloud="0" path="" />
		<data type="19" row="45" col="1" cloud="0" path="" />
		<data type="19" row="17" col="5" cloud="0" path="" />
		<data type="3" row="6" col="2" cloud="0" path="" />
		<data type="19" row="2" col="9" cloud="8" path="" />
		<data type="3" row="6" col="7" cloud="0" path="" />
		<data type="19" row="1" col="2" cloud="0" path="" />
		<data type="3" row="33" col="0" cloud="0" path="" />
		<data type="2" row="42" col="8" cloud="0" path="" />
		<data type="3" row="6" col="9" cloud="0" path="" />
		<data type="2" row="22" col="1" cloud="0" path="" />
		<data type="19" row="11" col="2" cloud="8" path="" />
		<data type="19" row="43" col="7" cloud="0" path="" />
		<data type="19" row="47" col="1" cloud="0" path="" />
		<data type="19" row="24" col="4" cloud="0" path="" />
		<data type="19" row="5" col="2" cloud="8" path="" />
		<data type="3" row="6" col="8" cloud="0" path="" />
		<data type="0" row="12" col="2" cloud="0" path="" />
		<data type="1" row="35" col="8" cloud="0" path="" />
		<data type="19" row="41" col="5" cloud="0" path="" />
		<data type="19" row="30" col="2" cloud="0" path="" />
		<data type="19" row="39" col="7" cloud="0" path="" />
		<data type="19" row="20" col="0" cloud="8" path="" />
		<data type="2" row="22" col="0" cloud="0" path="" />
		<data type="0" row="11" col="3" cloud="0" path="" />
		<data type="19" row="11" col="1" cloud="0" path="" />
		<data type="19" row="13" col="3" cloud="0" path="" />
		<data type="19" row="34" col="0" cloud="0" path="" />
		<data type="1" row="19" col="5" cloud="0" path="" />
		<data type="19" row="50" col="0" cloud="0" path="" />
		<data type="0" row="29" col="2" cloud="0" path="" />
		<data type="3" row="2" col="10" cloud="0" path="" />
		<data type="19" row="21" col="9" cloud="0" path="" />
		<data type="2" row="44" col="0" cloud="0" path="" />
		<data type="19" row="46" col="2" cloud="0" path="" />
		<data type="19" row="35" col="9" cloud="8" path="" />
		<data type="2" row="22" col="4" cloud="0" path="" />
		<data type="19" row="13" col="1" cloud="0" path="" />
		<data type="19" row="21" col="0" cloud="0" path="" />
		<data type="2" row="40" col="9" cloud="0" path="" />
		<data type="3" row="1" col="9" cloud="0" path="" />
		<data type="19" row="20" col="5" cloud="0" path="" />
		<data type="0" row="12" col="1" cloud="0" path="" />
		<data type="1" row="20" col="9" cloud="0" path="" />
		<data type="1" row="21" col="8" cloud="0" path="" />
		<data type="3" row="1" col="1" cloud="0" path="" />
		<data type="19" row="49" col="0" cloud="0" path="" />
		<data type="19" row="32" col="9" cloud="8" path="" />
		<data type="19" row="34" col="1" cloud="0" path="" />
		<data type="0" row="11" col="5" cloud="0" path="" />
		<data type="2" row="22" col="8" cloud="0" path="" />
		<data type="19" row="47" col="0" cloud="8" path="" />
		<data type="19" row="12" col="4" cloud="0" path="" />
		<data type="19" row="32" col="7" cloud="0" path="" />
		<data type="19" row="13" col="2" cloud="0" path="" />
		<data type="19" row="0" col="8" cloud="0" path="" />
		<data type="19" row="49" col="1" cloud="0" path="" />
		<data type="19" row="35" col="0" cloud="0" path="" />
		<data type="19" row="44" col="7" cloud="0" path="" />
		<data type="1" row="34" col="7" cloud="0" path="" />
		<data type="1" row="34" col="6" cloud="0" path="" />
		<data type="0" row="45" col="7" cloud="0" path="" />
		<data type="19" row="37" col="5" cloud="0" path="" />
		<data type="19" row="41" col="1" cloud="0" path="" />
		<data type="19" row="18" col="1" cloud="0" path="" />
		<data type="19" row="39" col="8" cloud="0" path="" />
		<data type="19" row="25" col="0" cloud="0" path="" />
		<data type="19" row="2" col="6" cloud="0" path="" />
		<data type="19" row="8" col="5" cloud="8" path="" />
		<data type="0" row="45" col="0" cloud="0" path="" />
		<data type="0" row="45" col="8" cloud="0" path="" />
		<data type="1" row="36" col="3" cloud="0" path="" />
		<data type="19" row="11" col="6" cloud="8" path="" />
		<data type="0" row="13" col="0" cloud="0" path="" />
		<data type="2" row="43" col="0" cloud="0" path="" />
		<data type="19" row="40" col="0" cloud="0" path="" />
		<data type="19" row="9" col="4" cloud="0" path="" />
		<data type="0" row="45" col="6" cloud="0" path="" />
		<data type="2" row="38" col="6" cloud="0" path="" />
		<data type="19" row="8" col="7" cloud="0" path="" />
		<data type="0" row="48" col="0" cloud="0" path="" />
		<data type="19" row="41" col="0" cloud="8" path="" />
		<data type="0" row="25" col="7" cloud="0" path="" />
		<data type="19" row="40" col="6" cloud="0" path="" />
		<data type="0" row="8" col="6" cloud="0" path="" />
		<data type="19" row="40" col="8" cloud="0" path="" />
		<data type="19" row="10" col="3" cloud="0" path="" />
		<data type="19" row="30" col="1" cloud="0" path="" />
		<data type="3" row="6" col="6" cloud="0" path="" />
		<data type="3" row="2" col="8" cloud="0" path="" />
		<data type="19" row="9" col="5" cloud="0" path="" />
		<data type="19" row="20" col="10" cloud="8" path="" />
		<data type="0" row="25" col="8" cloud="0" path="" />
		<data type="19" row="32" col="6" cloud="8" path="" />
		<data type="2" row="39" col="3" cloud="0" path="" />
		<data type="19" row="32" col="4" cloud="0" path="" />
		<data type="2" row="24" col="5" cloud="0" path="" />
		<data type="19" row="2" col="7" cloud="8" path="" />
		<data type="2" row="42" col="7" cloud="0" path="" />
		<data type="19" row="33" col="6" cloud="0" path="" />
		<data type="0" row="7" col="5" cloud="0" path="" />
		<data type="19" row="23" col="2" cloud="8" path="" />
		<data type="19" row="29" col="1" cloud="8" path="" />
		<data type="2" row="22" col="2" cloud="0" path="" />
		<data type="19" row="3" col="8" cloud="0" path="" />
		<data type="0" row="8" col="4" cloud="0" path="" />
		<data type="3" row="3" col="6" cloud="0" path="" />
		<data type="2" row="38" col="10" cloud="0" path="" />
		<data type="19" row="39" col="1" cloud="0" path="" />
		<data type="19" row="7" col="3" cloud="0" path="" />
		<data type="19" row="6" col="4" cloud="0" path="" />
		<data type="2" row="42" col="1" cloud="0" path="" />
		<data type="19" row="16" col="8" cloud="0" path="" />
		<data type="19" row="32" col="3" cloud="8" path="" />
		<data type="0" row="26" col="7" cloud="0" path="" />
		<data type="19" row="41" col="6" cloud="8" path="" />
		<data type="0" row="7" col="4" cloud="0" path="" />
		<data type="3" row="3" col="7" cloud="0" path="" />
		<data type="19" row="34" col="10" cloud="0" path="" />
		<data type="19" row="19" col="8" cloud="0" path="" />
		<data type="19" row="24" col="2" cloud="0" path="" />
		<data type="19" row="7" col="9" cloud="0" path="" />
		<data type="19" row="36" col="7" cloud="0" path="" />
		<data type="19" row="41" col="7" cloud="0" path="" />
		<data type="3" row="31" col="4" cloud="0" path="" />
		<data type="19" row="18" col="8" cloud="0" path="" />
		<data type="19" row="17" col="8" cloud="0" path="" />
		<data type="19" row="38" col="1" cloud="8" path="" />
		<data type="19" row="24" col="8" cloud="0" path="" />
		<data type="3" row="6" col="5" cloud="0" path="" />
		<data type="0" row="28" col="8" cloud="0" path="" />
		<data type="19" row="34" col="8" cloud="0" path="" />
		<data type="19" row="47" col="5" cloud="0" path="" />
		<data type="19" row="25" col="6" cloud="0" path="" />
		<data type="19" row="42" col="9" cloud="0" path="" />
		<data type="19" row="40" col="2" cloud="0" path="" />
		<data type="2" row="37" col="7" cloud="0" path="" />
		<data type="19" row="17" col="7" cloud="8" path="" />
		<data type="0" row="30" col="3" cloud="0" path="" />
		<data type="19" row="47" col="8" cloud="8" path="" />
		<data type="0" row="44" col="1" cloud="0" path="" />
		<data type="19" row="38" col="7" cloud="8" path="" />
		<data type="0" row="13" col="6" cloud="0" path="" />
		<data type="2" row="37" col="6" cloud="0" path="" />
		<data type="2" row="39" col="5" cloud="0" path="" />
		<data type="0" row="28" col="7" cloud="0" path="" />
		<data type="19" row="27" col="7" cloud="0" path="" />
		<data type="2" row="39" col="4" cloud="0" path="" />
		<data type="19" row="4" col="8" cloud="0" path="" />
		<data type="0" row="28" col="9" cloud="0" path="" />
		<data type="0" row="12" col="6" cloud="0" path="" />
		<data type="19" row="30" col="5" cloud="0" path="" />
		<data type="0" row="30" col="4" cloud="0" path="" />
		<data type="2" row="38" col="2" cloud="0" path="" />
		<data type="19" row="46" col="7" cloud="0" path="" />
		<data type="3" row="3" col="5" cloud="0" path="" />
		<data type="0" row="49" col="5" cloud="0" path="" />
		<data type="19" row="36" col="8" cloud="0" path="" />
		<data type="3" row="32" col="1" cloud="0" path="" />
		<data type="19" row="38" col="4" cloud="0" path="" />
		<data type="19" row="39" col="0" cloud="0" path="" />
		<data type="2" row="40" col="3" cloud="0" path="" />
		<data type="3" row="31" col="5" cloud="0" path="" />
		<data type="19" row="29" col="7" cloud="8" path="" />
		<data type="2" row="37" col="8" cloud="0" path="" />
		<data type="19" row="50" col="5" cloud="8" path="" />
	</bubbles>
	<info bubbleNum="35" type="1" start1="20000" start2="45000" start3="63000" colors="1111000" />
</include>