<?xml version="1.0" encoding="UTF-8"?>
<include>
	<bubbles>
		<data type="13" row="56" col="5" cloud="0" path="" />
		<data type="13" row="36" col="5" cloud="0" path="" />
		<data type="13" row="20" col="9" cloud="0" path="" />
		<data type="13" row="2" col="1" cloud="0" path="" />
		<data type="19" row="51" col="1" cloud="0" path="" />
		<data type="19" row="0" col="8" cloud="0" path="" />
		<data type="19" row="35" col="9" cloud="0" path="" />
		<data type="19" row="55" col="7" cloud="0" path="" />
		<data type="19" row="5" col="0" cloud="0" path="" />
		<data type="19" row="37" col="3" cloud="0" path="" />
		<data type="19" row="22" col="1" cloud="0" path="" />
		<data type="19" row="34" col="10" cloud="0" path="" />
		<data type="19" row="0" col="3" cloud="0" path="" />
		<data type="19" row="35" col="3" cloud="0" path="" />
		<data type="19" row="54" col="7" cloud="0" path="" />
		<data type="19" row="25" col="0" cloud="0" path="" />
		<data type="19" row="9" col="7" cloud="0" path="" />
		<data type="19" row="0" col="0" cloud="0" path="" />
		<data type="19" row="53" col="5" cloud="0" path="" />
		<data type="19" row="56" col="7" cloud="0" path="" />
		<data type="19" row="35" col="1" cloud="0" path="" />
		<data type="19" row="4" col="5" cloud="0" path="" />
		<data type="19" row="39" col="7" cloud="0" path="" />
		<data type="19" row="18" col="10" cloud="0" path="" />
		<data type="19" row="6" col="2" cloud="0" path="" />
		<data type="19" row="52" col="3" cloud="0" path="" />
		<data type="19" row="34" col="4" cloud="0" path="" />
		<data type="19" row="0" col="1" cloud="0" path="" />
		<data type="19" row="0" col="5" cloud="0" path="" />
		<data type="19" row="6" col="8" cloud="0" path="" />
		<data type="19" row="20" col="5" cloud="0" path="" />
		<data type="19" row="52" col="0" cloud="0" path="" />
		<data type="19" row="50" col="8" cloud="0" path="" />
		<data type="19" row="7" col="9" cloud="0" path="" />
		<data type="19" row="0" col="7" cloud="0" path="" />
		<data type="19" row="19" col="6" cloud="0" path="" />
		<data type="19" row="7" col="3" cloud="0" path="" />
		<data type="19" row="3" col="4" cloud="0" path="" />
		<data type="19" row="58" col="3" cloud="0" path="" />
		<data type="19" row="50" col="4" cloud="0" path="" />
		<data type="19" row="19" col="5" cloud="0" path="" />
		<data type="19" row="55" col="8" cloud="0" path="" />
		<data type="19" row="19" col="3" cloud="0" path="" />
		<data type="19" row="24" col="7" cloud="0" path="" />
		<data type="19" row="58" col="0" cloud="0" path="" />
		<data type="19" row="2" col="6" cloud="0" path="" />
		<data type="19" row="52" col="9" cloud="0" path="" />
		<data type="19" row="6" col="9" cloud="0" path="" />
		<data type="19" row="56" col="9" cloud="0" path="" />
		<data type="19" row="20" col="4" cloud="0" path="" />
		<data type="19" row="1" col="6" cloud="0" path="" />
		<data type="19" row="34" col="6" cloud="0" path="" />
		<data type="19" row="0" col="10" cloud="0" path="" />
		<data type="19" row="22" col="7" cloud="0" path="" />
		<data type="19" row="37" col="7" cloud="0" path="" />
		<data type="19" row="18" col="6" cloud="0" path="" />
		<data type="19" row="24" col="4" cloud="0" path="" />
		<data type="19" row="58" col="4" cloud="0" path="" />
		<data type="19" row="58" col="1" cloud="0" path="" />
		<data type="19" row="5" col="9" cloud="0" path="" />
		<data type="19" row="20" col="7" cloud="0" path="" />
		<data type="19" row="50" col="6" cloud="0" path="" />
		<data type="19" row="22" col="5" cloud="0" path="" />
		<data type="19" row="21" col="5" cloud="0" path="" />
		<data type="19" row="52" col="1" cloud="0" path="" />
		<data type="19" row="8" col="8" cloud="0" path="" />
		<data type="19" row="18" col="8" cloud="0" path="" />
		<data type="19" row="24" col="8" cloud="0" path="" />
		<data type="19" row="39" col="3" cloud="0" path="" />
		<data type="19" row="9" col="1" cloud="0" path="" />
		<data type="19" row="41" col="9" cloud="0" path="" />
		<data type="19" row="23" col="3" cloud="0" path="" />
		<data type="19" row="4" col="9" cloud="0" path="" />
		<data type="19" row="51" col="4" cloud="0" path="" />
		<data type="19" row="53" col="1" cloud="0" path="" />
		<data type="19" row="38" col="2" cloud="0" path="" />
		<data type="19" row="8" col="2" cloud="0" path="" />
		<data type="19" row="41" col="7" cloud="0" path="" />
		<data type="19" row="6" col="0" cloud="0" path="" />
		<data type="19" row="6" col="3" cloud="0" path="" />
		<data type="19" row="7" col="1" cloud="0" path="" />
		<data type="19" row="18" col="2" cloud="0" path="" />
		<data type="19" row="19" col="2" cloud="0" path="" />
		<data type="19" row="51" col="8" cloud="0" path="" />
		<data type="19" row="18" col="4" cloud="0" path="" />
		<data type="19" row="22" col="4" cloud="0" path="" />
		<data type="19" row="7" col="0" cloud="0" path="" />
		<data type="19" row="21" col="0" cloud="0" path="" />
		<data type="19" row="25" col="3" cloud="0" path="" />
		<data type="19" row="50" col="3" cloud="0" path="" />
		<data type="19" row="5" col="7" cloud="0" path="" />
		<data type="19" row="3" col="9" cloud="0" path="" />
		<data type="19" row="4" col="6" cloud="0" path="" />
		<data type="19" row="38" col="3" cloud="0" path="" />
		<data type="19" row="54" col="0" cloud="0" path="" />
		<data type="19" row="52" col="6" cloud="0" path="" />
		<data type="19" row="52" col="4" cloud="0" path="" />
		<data type="19" row="53" col="2" cloud="0" path="" />
		<data type="19" row="7" col="7" cloud="0" path="" />
		<data type="19" row="1" col="9" cloud="0" path="" />
		<data type="19" row="36" col="9" cloud="0" path="" />
		<data type="19" row="21" col="6" cloud="0" path="" />
		<data type="19" row="22" col="2" cloud="0" path="" />
		<data type="19" row="22" col="10" cloud="0" path="" />
		<data type="19" row="20" col="2" cloud="0" path="" />
		<data type="19" row="56" col="10" cloud="0" path="" />
		<data type="19" row="0" col="2" cloud="0" path="" />
		<data type="19" row="25" col="2" cloud="0" path="" />
		<data type="19" row="2" col="5" cloud="0" path="" />
		<data type="19" row="40" col="9" cloud="0" path="" />
		<data type="19" row="38" col="6" cloud="0" path="" />
		<data type="19" row="50" col="9" cloud="0" path="" />
		<data type="19" row="39" col="6" cloud="0" path="" />
		<data type="19" row="36" col="2" cloud="0" path="" />
		<data type="19" row="22" col="8" cloud="0" path="" />
		<data type="19" row="21" col="2" cloud="0" path="" />
		<data type="19" row="34" col="2" cloud="0" path="" />
		<data type="19" row="51" col="2" cloud="0" path="" />
		<data type="19" row="41" col="0" cloud="0" path="" />
		<data type="19" row="21" col="3" cloud="0" path="" />
		<data type="19" row="23" col="9" cloud="0" path="" />
		<data type="19" row="25" col="9" cloud="0" path="" />
		<data type="19" row="54" col="3" cloud="0" path="" />
		<data type="19" row="54" col="4" cloud="0" path="" />
		<data type="19" row="56" col="3" cloud="0" path="" />
		<data type="19" row="20" col="1" cloud="0" path="" />
		<data type="19" row="54" col="1" cloud="0" path="" />
		<data type="19" row="8" col="9" cloud="0" path="" />
		<data type="19" row="50" col="1" cloud="0" path="" />
		<data type="19" row="25" col="6" cloud="0" path="" />
		<data type="19" row="24" col="1" cloud="0" path="" />
		<data type="19" row="0" col="9" cloud="0" path="" />
		<data type="19" row="9" col="9" cloud="0" path="" />
		<data type="19" row="55" col="1" cloud="0" path="" />
		<data type="19" row="18" col="0" cloud="0" path="" />
		<data type="19" row="19" col="0" cloud="0" path="" />
		<data type="19" row="4" col="2" cloud="0" path="" />
		<data type="19" row="37" col="6" cloud="0" path="" />
		<data type="19" row="40" col="8" cloud="0" path="" />
		<data type="19" row="38" col="8" cloud="0" path="" />
		<data type="19" row="24" col="10" cloud="0" path="" />
		<data type="19" row="58" col="6" cloud="0" path="" />
		<data type="19" row="34" col="8" cloud="0" path="" />
		<data type="19" row="5" col="1" cloud="0" path="" />
		<data type="19" row="40" col="5" cloud="0" path="" />
		<data type="19" row="36" col="8" cloud="0" path="" />
		<data type="19" row="54" col="9" cloud="0" path="" />
		<data type="19" row="58" col="7" cloud="0" path="" />
		<data type="19" row="53" col="7" cloud="0" path="" />
		<data type="19" row="35" col="0" cloud="0" path="" />
		<data type="19" row="50" col="10" cloud="0" path="" />
		<data type="19" row="18" col="1" cloud="0" path="" />
		<data type="19" row="23" col="0" cloud="0" path="" />
		<data type="19" row="41" col="4" cloud="0" path="" />
		<data type="19" row="55" col="2" cloud="0" path="" />
		<data type="19" row="37" col="0" cloud="0" path="" />
		<data type="19" row="40" col="0" cloud="0" path="" />
		<data type="19" row="34" col="1" cloud="0" path="" />
		<data type="19" row="35" col="6" cloud="0" path="" />
		<data type="19" row="36" col="0" cloud="0" path="" />
		<data type="19" row="58" col="10" cloud="0" path="" />
		<data type="19" row="54" col="6" cloud="0" path="" />
		<data type="19" row="1" col="4" cloud="0" path="" />
		<data type="19" row="41" col="6" cloud="0" path="" />
		<data type="19" row="7" col="4" cloud="0" path="" />
		<data type="19" row="18" col="7" cloud="0" path="" />
		<data type="19" row="5" col="4" cloud="0" path="" />
		<data type="19" row="40" col="3" cloud="0" path="" />
		<data type="19" row="34" col="7" cloud="0" path="" />
		<data type="19" row="9" col="4" cloud="0" path="" />
		<data type="19" row="52" col="10" cloud="0" path="" />
		<data type="19" row="2" col="3" cloud="0" path="" />
		<data type="19" row="1" col="3" cloud="0" path="" />
		<data type="19" row="35" col="7" cloud="0" path="" />
		<data type="19" row="51" col="7" cloud="0" path="" />
		<data type="19" row="25" col="5" cloud="0" path="" />
		<data type="19" row="5" col="3" cloud="0" path="" />
		<data type="19" row="5" col="6" cloud="0" path="" />
		<data type="19" row="8" col="3" cloud="0" path="" />
		<data type="19" row="53" col="8" cloud="0" path="" />
		<data type="19" row="41" col="1" cloud="0" path="" />
		<data type="19" row="52" col="7" cloud="0" path="" />
		<data type="19" row="4" col="0" cloud="0" path="" />
		<data type="19" row="38" col="9" cloud="0" path="" />
		<data type="19" row="53" col="4" cloud="0" path="" />
		<data type="19" row="4" col="8" cloud="0" path="" />
		<data type="19" row="0" col="6" cloud="0" path="" />
		<data type="19" row="9" col="3" cloud="0" path="" />
		<data type="19" row="24" col="2" cloud="0" path="" />
		<data type="19" row="0" col="4" cloud="0" path="" />
		<data type="19" row="57" col="2" cloud="0" path="" />
		<data type="19" row="38" col="0" cloud="0" path="" />
		<data type="19" row="39" col="4" cloud="0" path="" />
		<data type="19" row="50" col="2" cloud="0" path="" />
		<data type="19" row="3" col="3" cloud="0" path="" />
		<data type="19" row="50" col="5" cloud="0" path="" />
		<data type="19" row="7" col="6" cloud="0" path="" />
		<data type="19" row="38" col="5" cloud="0" path="" />
		<data type="19" row="50" col="0" cloud="0" path="" />
		<data type="19" row="54" col="10" cloud="0" path="" />
		<data type="19" row="57" col="8" cloud="0" path="" />
		<data type="19" row="6" col="5" cloud="0" path="" />
		<data type="19" row="39" col="1" cloud="0" path="" />
		<data type="19" row="23" col="6" cloud="0" path="" />
		<data type="19" row="57" col="7" cloud="0" path="" />
		<data type="19" row="40" col="2" cloud="0" path="" />
		<data type="19" row="9" col="0" cloud="0" path="" />
		<data type="19" row="57" col="1" cloud="0" path="" />
		<data type="19" row="25" col="8" cloud="0" path="" />
		<data type="19" row="8" col="0" cloud="0" path="" />
		<data type="19" row="34" col="5" cloud="0" path="" />
		<data type="19" row="50" col="7" cloud="0" path="" />
		<data type="19" row="18" col="9" cloud="0" path="" />
		<data type="19" row="58" col="9" cloud="0" path="" />
		<data type="19" row="24" col="5" cloud="0" path="" />
		<data type="19" row="41" col="3" cloud="0" path="" />
		<data type="19" row="23" col="8" cloud="0" path="" />
		<data type="19" row="34" col="3" cloud="0" path="" />
		<data type="19" row="23" col="5" cloud="0" path="" />
		<data type="19" row="6" col="6" cloud="0" path="" />
		<data type="19" row="56" col="0" cloud="0" path="" />
		<data type="19" row="34" col="0" cloud="0" path="" />
		<data type="19" row="23" col="2" cloud="0" path="" />
		<data type="19" row="40" col="6" cloud="0" path="" />
		<data type="19" row="39" col="9" cloud="0" path="" />
		<data type="19" row="2" col="9" cloud="0" path="" />
		<data type="19" row="9" col="6" cloud="0" path="" />
		<data type="19" row="51" col="5" cloud="0" path="" />
		<data type="19" row="37" col="9" cloud="0" path="" />
		<data type="19" row="36" col="3" cloud="0" path="" />
		<data type="19" row="37" col="1" cloud="0" path="" />
		<data type="19" row="8" col="6" cloud="0" path="" />
		<data type="19" row="1" col="7" cloud="0" path="" />
		<data type="19" row="18" col="3" cloud="0" path="" />
		<data type="19" row="2" col="8" cloud="0" path="" />
		<data type="19" row="3" col="7" cloud="0" path="" />
		<data type="19" row="18" col="5" cloud="0" path="" />
		<data type="19" row="8" col="5" cloud="0" path="" />
		<data type="19" row="56" col="1" cloud="0" path="" />
		<data type="19" row="39" col="0" cloud="0" path="" />
		<data type="19" row="3" col="6" cloud="0" path="" />
		<data type="19" row="4" col="3" cloud="0" path="" />
		<data type="19" row="34" col="9" cloud="0" path="" />
	</bubbles>
	<info bubbleNum="27" type="4" start1="50000" start2="220000" start3="300000" colors="1111000" />
</include>