<?xml version="1.0" encoding="UTF-8"?>
<include>
	<bubbles>
		<data type="18" row="4" col="9" cloud="0" path="" />
		<data type="18" row="4" col="1" cloud="0" path="" />
		<data type="17" row="22" col="5" cloud="0" path="" />
		<data type="17" row="14" col="5" cloud="0" path="" />
		<data type="17" row="29" col="2" cloud="0" path="" />
		<data type="17" row="29" col="7" cloud="0" path="" />
		<data type="19" row="1" col="8" cloud="0" path="" />
		<data type="19" row="28" col="8" cloud="0" path="" />
		<data type="19" row="23" col="4" cloud="0" path="" />
		<data type="19" row="3" col="2" cloud="0" path="" />
		<data type="28" row="24" col="9" cloud="0" path="" />
		<data type="19" row="25" col="9" cloud="0" path="" />
		<data type="21" row="26" col="9" cloud="0" path="" />
		<data type="19" row="26" col="8" cloud="0" path="" />
		<data type="19" row="15" col="7" cloud="0" path="" />
		<data type="19" row="8" col="5" cloud="0" path="" />
		<data type="19" row="24" col="0" cloud="0" path="" />
		<data type="19" row="30" col="9" cloud="0" path="" />
		<data type="19" row="6" col="10" cloud="0" path="" />
		<data type="19" row="28" col="2" cloud="0" path="" />
		<data type="21" row="18" col="5" cloud="0" path="" />
		<data type="19" row="24" col="6" cloud="0" path="" />
		<data type="19" row="8" col="4" cloud="0" path="" />
		<data type="19" row="7" col="5" cloud="0" path="" />
		<data type="26" row="24" col="8" cloud="0" path="" />
		<data type="19" row="2" col="8" cloud="0" path="" />
		<data type="19" row="28" col="5" cloud="0" path="" />
		<data type="19" row="8" col="6" cloud="0" path="" />
		<data type="19" row="19" col="4" cloud="0" path="" />
		<data type="28" row="9" col="4" cloud="0" path="" />
		<data type="19" row="3" col="7" cloud="0" path="" />
		<data type="28" row="24" col="3" cloud="0" path="" />
		<data type="19" row="7" col="4" cloud="0" path="" />
		<data type="19" row="25" col="0" cloud="0" path="" />
		<data type="28" row="9" col="5" cloud="0" path="" />
		<data type="19" row="2" col="10" cloud="0" path="" />
		<data type="19" row="0" col="7" cloud="8" path="" />
		<data type="19" row="18" col="6" cloud="0" path="" />
		<data type="19" row="19" col="5" cloud="0" path="" />
		<data type="19" row="28" col="6" cloud="0" path="" />
		<data type="19" row="1" col="0" cloud="0" path="" />
		<data type="10" row="15" col="3" cloud="0" path="" />
		<data type="19" row="15" col="4" cloud="0" path="" />
		<data type="19" row="0" col="4" cloud="8" path="" />
		<data type="28" row="17" col="5" cloud="0" path="" />
		<data type="19" row="2" col="0" cloud="0" path="" />
		<data type="19" row="14" col="6" cloud="0" path="" />
		<data type="19" row="22" col="4" cloud="0" path="" />
		<data type="19" row="24" col="10" cloud="0" path="" />
		<data type="19" row="16" col="3" cloud="0" path="" />
		<data type="19" row="14" col="3" cloud="0" path="" />
		<data type="10" row="23" col="3" cloud="0" path="" />
		<data type="19" row="7" col="6" cloud="8" path="" />
		<data type="19" row="11" col="5" cloud="0" path="" />
		<data type="19" row="13" col="5" cloud="0" path="" />
		<data type="19" row="24" col="4" cloud="0" path="" />
		<data type="19" row="0" col="6" cloud="8" path="" />
		<data type="10" row="0" col="1" cloud="0" path="" />
		<data type="19" row="24" col="5" cloud="0" path="" />
		<data type="26" row="24" col="2" cloud="0" path="" />
		<data type="19" row="29" col="8" cloud="0" path="" />
		<data type="19" row="14" col="4" cloud="0" path="" />
		<data type="19" row="16" col="4" cloud="8" path="" />
		<data type="19" row="15" col="2" cloud="0" path="" />
		<data type="21" row="12" col="5" cloud="0" path="" />
		<data type="19" row="25" col="1" cloud="0" path="" />
		<data type="19" row="6" col="0" cloud="0" path="" />
		<data type="19" row="10" col="5" cloud="8" path="" />
		<data type="19" row="30" col="1" cloud="0" path="" />
		<data type="19" row="6" col="1" cloud="0" path="" />
		<data type="19" row="13" col="4" cloud="0" path="" />
		<data type="28" row="0" col="8" cloud="0" path="" />
		<data type="19" row="5" col="2" cloud="0" path="" />
		<data type="19" row="17" col="3" cloud="0" path="" />
		<data type="19" row="11" col="3" cloud="0" path="" />
		<data type="19" row="5" col="3" cloud="8" path="" />
		<data type="19" row="16" col="5" cloud="8" path="" />
		<data type="19" row="6" col="2" cloud="0" path="" />
		<data type="19" row="26" col="2" cloud="0" path="" />
		<data type="19" row="20" col="5" cloud="0" path="" />
		<data type="19" row="6" col="3" cloud="8" path="" />
		<data type="19" row="5" col="7" cloud="0" path="" />
		<data type="19" row="6" col="9" cloud="0" path="" />
		<data type="19" row="4" col="3" cloud="0" path="" />
		<data type="19" row="29" col="3" cloud="0" path="" />
		<data type="19" row="21" col="5" cloud="0" path="" />
		<data type="19" row="4" col="7" cloud="0" path="" />
		<data type="19" row="1" col="9" cloud="0" path="" />
		<data type="19" row="10" col="6" cloud="8" path="" />
		<data type="19" row="27" col="7" cloud="0" path="" />
		<data type="19" row="12" col="6" cloud="0" path="" />
		<data type="19" row="11" col="6" cloud="0" path="" />
		<data type="28" row="17" col="4" cloud="0" path="" />
		<data type="19" row="29" col="6" cloud="0" path="" />
		<data type="19" row="2" col="2" cloud="0" path="" />
		<data type="19" row="14" col="7" cloud="0" path="" />
		<data type="19" row="22" col="6" cloud="0" path="" />
		<data type="19" row="26" col="7" cloud="0" path="" />
		<data type="21" row="26" col="1" cloud="0" path="" />
		<data type="19" row="18" col="4" cloud="0" path="" />
		<data type="19" row="21" col="4" cloud="0" path="" />
		<data type="19" row="1" col="1" cloud="0" path="" />
		<data type="19" row="5" col="6" cloud="8" path="" />
		<data type="19" row="0" col="3" cloud="8" path="" />
		<data type="21" row="4" col="6" cloud="0" path="" />
		<data type="19" row="6" col="7" cloud="8" path="" />
		<data type="19" row="16" col="7" cloud="0" path="" />
		<data type="19" row="0" col="5" cloud="8" path="" />
		<data type="10" row="28" col="7" cloud="0" path="" />
		<data type="19" row="7" col="3" cloud="8" path="" />
		<data type="19" row="6" col="8" cloud="0" path="" />
		<data type="19" row="26" col="3" cloud="0" path="" />
		<data type="19" row="27" col="6" cloud="0" path="" />
		<data type="28" row="24" col="1" cloud="0" path="" />
		<data type="19" row="25" col="8" cloud="0" path="" />
		<data type="19" row="27" col="3" cloud="0" path="" />
		<data type="10" row="28" col="3" cloud="0" path="" />
		<data type="19" row="11" col="4" cloud="0" path="" />
		<data type="19" row="12" col="4" cloud="0" path="" />
		<data type="28" row="14" col="2" cloud="0" path="" />
		<data type="19" row="29" col="1" cloud="0" path="" />
		<data type="19" row="10" col="4" cloud="8" path="" />
		<data type="19" row="27" col="2" cloud="0" path="" />
		<data type="28" row="0" col="2" cloud="0" path="" />
		<data type="10" row="0" col="9" cloud="0" path="" />
		<data type="19" row="5" col="5" cloud="8" path="" />
		<data type="28" row="24" col="7" cloud="0" path="" />
		<data type="28" row="14" col="8" cloud="0" path="" />
		<data type="19" row="17" col="6" cloud="0" path="" />
		<data type="19" row="5" col="4" cloud="8" path="" />
		<data type="21" row="4" col="4" cloud="0" path="" />
		<data type="19" row="28" col="4" cloud="0" path="" />
		<data type="19" row="16" col="6" cloud="8" path="" />
	</bubbles>
	<info bubbleNum="28" type="2" start1="20000" start2="150000" start3="234000" colors="1111000" />
</include>