<?xml version="1.0" encoding="UTF-8"?>
<include>
	<bubbles>
		<data type="13" row="54" col="5" cloud="0" path="" />
		<data type="13" row="38" col="5" cloud="0" path="" />
		<data type="13" row="22" col="5" cloud="0" path="" />
		<data type="13" row="2" col="5" cloud="0" path="" />
		<data type="19" row="8" col="3" cloud="0" path="" />
		<data type="19" row="57" col="7" cloud="0" path="" />
		<data type="19" row="17" col="3" cloud="0" path="" />
		<data type="19" row="51" col="1" cloud="0" path="" />
		<data type="19" row="0" col="0" cloud="0" path="" />
		<data type="19" row="18" col="8" cloud="0" path="" />
		<data type="19" row="34" col="0" cloud="0" path="" />
		<data type="19" row="16" col="9" cloud="0" path="" />
		<data type="19" row="0" col="5" cloud="0" path="" />
		<data type="19" row="32" col="0" cloud="0" path="" />
		<data type="19" row="3" col="1" cloud="8" path="" />
		<data type="7" row="53" col="9" cloud="0" path="" />
		<data type="19" row="53" col="7" cloud="0" path="" />
		<data type="19" row="6" col="4" cloud="8" path="" />
		<data type="19" row="0" col="9" cloud="0" path="" />
		<data type="19" row="6" col="0" cloud="8" path="" />
		<data type="19" row="32" col="7" cloud="0" path="" />
		<data type="19" row="36" col="2" cloud="8" path="" />
		<data type="9" row="38" col="1" cloud="0" path="" />
		<data type="19" row="7" col="6" cloud="0" path="" />
		<data type="19" row="35" col="7" cloud="0" path="" />
		<data type="19" row="50" col="10" cloud="8" path="" />
		<data type="19" row="32" col="3" cloud="0" path="" />
		<data type="19" row="0" col="7" cloud="0" path="" />
		<data type="19" row="6" col="10" cloud="8" path="" />
		<data type="7" row="58" col="8" cloud="0" path="" />
		<data type="19" row="8" col="7" cloud="0" path="" />
		<data type="19" row="7" col="0" cloud="0" path="" />
		<data type="19" row="16" col="2" cloud="0" path="" />
		<data type="19" row="19" col="5" cloud="8" path="" />
		<data type="19" row="54" col="2" cloud="8" path="" />
		<data type="19" row="1" col="3" cloud="0" path="" />
		<data type="19" row="20" col="6" cloud="0" path="" />
		<data type="19" row="22" col="2" cloud="8" path="" />
		<data type="19" row="54" col="10" cloud="0" path="" />
		<data type="19" row="59" col="8" cloud="0" path="" />
		<data type="19" row="34" col="3" cloud="0" path="" />
		<data type="9" row="23" col="3" cloud="0" path="" />
		<data type="19" row="51" col="8" cloud="0" path="" />
		<data type="19" row="17" col="2" cloud="0" path="" />
		<data type="19" row="0" col="8" cloud="0" path="" />
		<data type="19" row="33" col="6" cloud="0" path="" />
		<data type="19" row="32" col="10" cloud="0" path="" />
		<data type="19" row="32" col="1" cloud="0" path="" />
		<data type="19" row="19" col="4" cloud="8" path="" />
		<data type="19" row="21" col="3" cloud="0" path="" />
		<data type="19" row="18" col="4" cloud="0" path="" />
		<data type="19" row="32" col="8" cloud="0" path="" />
		<data type="19" row="16" col="3" cloud="0" path="" />
		<data type="19" row="51" col="9" cloud="8" path="" />
		<data type="19" row="20" col="5" cloud="0" path="" />
		<data type="9" row="24" col="6" cloud="0" path="" />
		<data type="19" row="5" col="9" cloud="0" path="" />
		<data type="19" row="34" col="7" cloud="0" path="" />
		<data type="19" row="4" col="9" cloud="0" path="" />
		<data type="19" row="38" col="0" cloud="0" path="" />
		<data type="19" row="32" col="2" cloud="0" path="" />
		<data type="19" row="25" col="5" cloud="8" path="" />
		<data type="19" row="32" col="9" cloud="0" path="" />
		<data type="9" row="3" col="6" cloud="0" path="" />
		<data type="19" row="35" col="2" cloud="0" path="" />
		<data type="19" row="59" col="5" cloud="8" path="" />
		<data type="7" row="24" col="5" cloud="0" path="" />
		<data type="19" row="35" col="5" cloud="0" path="" />
		<data type="19" row="58" col="6" cloud="8" path="" />
		<data type="19" row="20" col="4" cloud="0" path="" />
		<data type="19" row="3" col="8" cloud="8" path="" />
		<data type="19" row="16" col="1" cloud="0" path="" />
		<data type="19" row="20" col="10" cloud="8" path="" />
		<data type="19" row="40" col="8" cloud="8" path="" />
		<data type="19" row="52" col="7" cloud="0" path="" />
		<data type="19" row="50" col="8" cloud="0" path="" />
		<data type="19" row="51" col="0" cloud="8" path="" />
		<data type="19" row="20" col="9" cloud="8" path="" />
		<data type="19" row="34" col="6" cloud="0" path="" />
		<data type="19" row="58" col="0" cloud="0" path="" />
		<data type="19" row="0" col="1" cloud="0" path="" />
		<data type="19" row="18" col="2" cloud="0" path="" />
		<data type="19" row="53" col="0" cloud="0" path="" />
		<data type="19" row="36" col="5" cloud="0" path="" />
		<data type="7" row="54" col="0" cloud="0" path="" />
		<data type="19" row="56" col="5" cloud="0" path="" />
		<data type="19" row="25" col="4" cloud="8" path="" />
		<data type="19" row="50" col="9" cloud="0" path="" />
		<data type="19" row="50" col="1" cloud="0" path="" />
		<data type="19" row="56" col="1" cloud="0" path="" />
		<data type="19" row="50" col="0" cloud="8" path="" />
		<data type="19" row="0" col="10" cloud="0" path="" />
		<data type="19" row="34" col="10" cloud="0" path="" />
		<data type="19" row="40" col="9" cloud="8" path="" />
		<data type="19" row="59" col="4" cloud="8" path="" />
		<data type="19" row="42" col="4" cloud="0" path="" />
		<data type="19" row="5" col="6" cloud="0" path="" />
		<data type="19" row="58" col="5" cloud="0" path="" />
		<data type="19" row="50" col="6" cloud="0" path="" />
		<data type="19" row="6" col="5" cloud="8" path="" />
		<data type="19" row="51" col="6" cloud="0" path="" />
		<data type="19" row="24" col="1" cloud="0" path="" />
		<data type="19" row="20" col="1" cloud="8" path="" />
		<data type="19" row="2" col="1" cloud="0" path="" />
		<data type="19" row="6" col="6" cloud="8" path="" />
		<data type="19" row="37" col="0" cloud="0" path="" />
		<data type="7" row="1" col="9" cloud="0" path="" />
		<data type="19" row="57" col="4" cloud="0" path="" />
		<data type="19" row="4" col="1" cloud="0" path="" />
		<data type="19" row="19" col="8" cloud="0" path="" />
		<data type="19" row="51" col="4" cloud="0" path="" />
		<data type="9" row="23" col="6" cloud="0" path="" />
		<data type="19" row="50" col="3" cloud="0" path="" />
		<data type="19" row="50" col="7" cloud="0" path="" />
		<data type="19" row="50" col="5" cloud="0" path="" />
		<data type="19" row="57" col="3" cloud="8" path="" />
		<data type="19" row="52" col="5" cloud="0" path="" />
		<data type="9" row="24" col="4" cloud="0" path="" />
		<data type="19" row="57" col="9" cloud="0" path="" />
		<data type="19" row="51" col="5" cloud="0" path="" />
		<data type="19" row="36" col="8" cloud="8" path="" />
		<data type="19" row="52" col="3" cloud="0" path="" />
		<data type="19" row="41" col="3" cloud="0" path="" />
		<data type="19" row="32" col="6" cloud="0" path="" />
		<data type="19" row="56" col="9" cloud="0" path="" />
		<data type="7" row="37" col="8" cloud="0" path="" />
		<data type="19" row="58" col="4" cloud="8" path="" />
		<data type="19" row="9" col="8" cloud="8" path="" />
		<data type="19" row="2" col="7" cloud="0" path="" />
		<data type="19" row="56" col="3" cloud="8" path="" />
		<data type="19" row="40" col="5" cloud="8" path="" />
		<data type="19" row="9" col="7" cloud="8" path="" />
		<data type="19" row="42" col="6" cloud="0" path="" />
		<data type="19" row="50" col="2" cloud="0" path="" />
		<data type="19" row="19" col="1" cloud="0" path="" />
		<data type="19" row="20" col="0" cloud="8" path="" />
		<data type="19" row="3" col="2" cloud="8" path="" />
		<data type="19" row="40" col="4" cloud="8" path="" />
		<data type="19" row="8" col="9" cloud="0" path="" />
		<data type="19" row="58" col="10" cloud="0" path="" />
		<data type="19" row="35" col="0" cloud="0" path="" />
		<data type="19" row="53" col="8" cloud="8" path="" />
		<data type="19" row="2" col="3" cloud="0" path="" />
		<data type="19" row="5" col="0" cloud="0" path="" />
		<data type="19" row="4" col="3" cloud="0" path="" />
		<data type="19" row="40" col="1" cloud="8" path="" />
		<data type="19" row="7" col="9" cloud="0" path="" />
		<data type="9" row="38" col="8" cloud="0" path="" />
		<data type="19" row="2" col="9" cloud="0" path="" />
		<data type="9" row="4" col="6" cloud="0" path="" />
		<data type="19" row="37" col="7" cloud="0" path="" />
		<data type="9" row="4" col="4" cloud="0" path="" />
		<data type="19" row="16" col="0" cloud="0" path="" />
		<data type="19" row="35" col="9" cloud="0" path="" />
		<data type="19" row="0" col="3" cloud="0" path="" />
		<data type="9" row="3" col="3" cloud="0" path="" />
		<data type="19" row="36" col="1" cloud="8" path="" />
		<data type="19" row="43" col="4" cloud="8" path="" />
		<data type="19" row="16" col="5" cloud="0" path="" />
		<data type="19" row="35" col="4" cloud="0" path="" />
		<data type="19" row="38" col="7" cloud="0" path="" />
		<data type="19" row="55" col="6" cloud="0" path="" />
		<data type="9" row="4" col="5" cloud="0" path="" />
		<data type="19" row="21" col="6" cloud="0" path="" />
		<data type="19" row="4" col="7" cloud="0" path="" />
		<data type="19" row="16" col="10" cloud="0" path="" />
		<data type="19" row="39" col="2" cloud="0" path="" />
		<data type="19" row="25" col="0" cloud="8" path="" />
		<data type="19" row="38" col="3" cloud="0" path="" />
		<data type="19" row="22" col="8" cloud="8" path="" />
		<data type="19" row="57" col="6" cloud="8" path="" />
		<data type="7" row="37" col="1" cloud="0" path="" />
		<data type="19" row="8" col="1" cloud="0" path="" />
		<data type="19" row="9" col="1" cloud="8" path="" />
		<data type="19" row="55" col="7" cloud="8" path="" />
		<data type="19" row="37" col="9" cloud="0" path="" />
		<data type="19" row="39" col="7" cloud="0" path="" />
		<data type="19" row="39" col="9" cloud="0" path="" />
		<data type="19" row="16" col="4" cloud="0" path="" />
		<data type="19" row="55" col="2" cloud="8" path="" />
		<data type="19" row="57" col="5" cloud="0" path="" />
		<data type="19" row="21" col="8" cloud="0" path="" />
		<data type="19" row="0" col="6" cloud="0" path="" />
		<data type="19" row="53" col="2" cloud="0" path="" />
		<data type="19" row="25" col="9" cloud="8" path="" />
		<data type="19" row="38" col="10" cloud="0" path="" />
		<data type="19" row="3" col="7" cloud="8" path="" />
		<data type="19" row="5" col="3" cloud="0" path="" />
		<data type="9" row="38" col="2" cloud="0" path="" />
		<data type="19" row="34" col="4" cloud="0" path="" />
		<data type="19" row="0" col="2" cloud="0" path="" />
		<data type="19" row="58" col="2" cloud="0" path="" />
		<data type="19" row="17" col="6" cloud="0" path="" />
		<data type="19" row="56" col="7" cloud="8" path="" />
		<data type="19" row="7" col="3" cloud="0" path="" />
		<data type="7" row="1" col="0" cloud="0" path="" />
		<data type="19" row="22" col="3" cloud="8" path="" />
		<data type="9" row="38" col="9" cloud="0" path="" />
		<data type="19" row="0" col="4" cloud="0" path="" />
		<data type="19" row="37" col="2" cloud="0" path="" />
		<data type="19" row="33" col="3" cloud="0" path="" />
		<data type="19" row="39" col="6" cloud="0" path="" />
		<data type="19" row="43" col="5" cloud="8" path="" />
		<data type="19" row="1" col="6" cloud="0" path="" />
		<data type="19" row="32" col="4" cloud="0" path="" />
		<data type="19" row="36" col="9" cloud="8" path="" />
		<data type="19" row="9" col="2" cloud="8" path="" />
		<data type="19" row="39" col="0" cloud="0" path="" />
		<data type="19" row="39" col="3" cloud="0" path="" />
		<data type="19" row="32" col="5" cloud="0" path="" />
		<data type="19" row="53" col="1" cloud="8" path="" />
		<data type="19" row="18" col="6" cloud="0" path="" />
		<data type="19" row="55" col="8" cloud="0" path="" />
		<data type="19" row="23" col="8" cloud="0" path="" />
		<data type="7" row="59" col="1" cloud="0" path="" />
		<data type="19" row="55" col="1" cloud="0" path="" />
		<data type="19" row="40" col="2" cloud="8" path="" />
		<data type="19" row="22" col="7" cloud="8" path="" />
		<data type="19" row="51" col="3" cloud="0" path="" />
		<data type="19" row="57" col="2" cloud="0" path="" />
		<data type="19" row="24" col="9" cloud="0" path="" />
		<data type="19" row="52" col="1" cloud="8" path="" />
		<data type="19" row="54" col="8" cloud="8" path="" />
		<data type="19" row="52" col="9" cloud="8" path="" />
		<data type="19" row="21" col="1" cloud="0" path="" />
		<data type="19" row="57" col="0" cloud="0" path="" />
		<data type="19" row="23" col="1" cloud="0" path="" />
		<data type="19" row="40" col="6" cloud="8" path="" />
		<data type="19" row="16" col="6" cloud="0" path="" />
		<data type="19" row="41" col="6" cloud="0" path="" />
		<data type="19" row="17" col="7" cloud="0" path="" />
		<data type="19" row="16" col="8" cloud="0" path="" />
		<data type="19" row="55" col="3" cloud="0" path="" />
		<data type="19" row="16" col="7" cloud="0" path="" />
		<data type="19" row="50" col="4" cloud="0" path="" />
	</bubbles>
	<info bubbleNum="28" type="4" start1="9000" start2="65000" start3="93000" colors="1110000" />
</include>