<?xml version="1.0" encoding="UTF-8"?>
<include>
	<bubbles>
		<data type="13" row="41" col="8" cloud="0" path="" />
		<data type="13" row="31" col="1" cloud="0" path="" />
		<data type="13" row="21" col="8" cloud="0" path="" />
		<data type="13" row="11" col="1" cloud="0" path="" />
		<data type="13" row="1" col="8" cloud="0" path="" />
		<data type="19" row="33" col="3" cloud="8" path="" />
		<data type="19" row="3" col="4" cloud="8" path="" />
		<data type="19" row="29" col="0" cloud="8" path="" />
		<data type="19" row="42" col="5" cloud="0" path="" />
		<data type="19" row="10" col="2" cloud="0" path="" />
		<data type="19" row="23" col="5" cloud="8" path="" />
		<data type="19" row="10" col="6" cloud="0" path="" />
		<data type="19" row="22" col="9" cloud="0" path="" />
		<data type="19" row="9" col="2" cloud="8" path="" />
		<data type="19" row="21" col="0" cloud="0" path="" />
		<data type="19" row="43" col="5" cloud="8" path="" />
		<data type="19" row="19" col="6" cloud="8" path="" />
		<data type="9" row="3" col="5" cloud="0" path="" />
		<data type="9" row="43" col="9" cloud="0" path="" />
		<data type="19" row="22" col="1" cloud="0" path="" />
		<data type="19" row="20" col="0" cloud="0" path="" />
		<data type="19" row="39" col="0" cloud="8" path="" />
		<data type="19" row="11" col="7" cloud="0" path="" />
		<data type="19" row="39" col="5" cloud="8" path="" />
		<data type="19" row="41" col="0" cloud="0" path="" />
		<data type="19" row="12" col="9" cloud="0" path="" />
		<data type="19" row="9" col="1" cloud="8" path="" />
		<data type="19" row="33" col="6" cloud="8" path="" />
		<data type="19" row="33" col="5" cloud="8" path="" />
		<data type="19" row="11" col="5" cloud="0" path="" />
		<data type="19" row="9" col="8" cloud="8" path="" />
		<data type="19" row="43" col="2" cloud="8" path="" />
		<data type="9" row="33" col="1" cloud="0" path="" />
		<data type="19" row="19" col="8" cloud="8" path="" />
		<data type="19" row="29" col="2" cloud="8" path="" />
		<data type="19" row="32" col="9" cloud="0" path="" />
		<data type="9" row="13" col="0" cloud="0" path="" />
		<data type="19" row="39" col="6" cloud="8" path="" />
		<data type="19" row="12" col="2" cloud="0" path="" />
		<data type="19" row="41" col="2" cloud="0" path="" />
		<data type="19" row="12" col="7" cloud="0" path="" />
		<data type="19" row="11" col="9" cloud="0" path="" />
		<data type="19" row="42" col="3" cloud="0" path="" />
		<data type="21" row="33" col="9" cloud="0" path="" />
		<data type="19" row="19" col="3" cloud="8" path="" />
		<data type="19" row="23" col="4" cloud="8" path="" />
		<data type="19" row="13" col="7" cloud="8" path="" />
		<data type="19" row="33" col="4" cloud="8" path="" />
		<data type="19" row="22" col="3" cloud="0" path="" />
		<data type="19" row="22" col="5" cloud="0" path="" />
		<data type="19" row="9" col="4" cloud="8" path="" />
		<data type="19" row="13" col="8" cloud="8" path="" />
		<data type="19" row="9" col="7" cloud="8" path="" />
		<data type="19" row="9" col="6" cloud="8" path="" />
		<data type="19" row="23" col="3" cloud="8" path="" />
		<data type="19" row="40" col="0" cloud="0" path="" />
		<data type="19" row="12" col="5" cloud="0" path="" />
		<data type="19" row="19" col="9" cloud="8" path="" />
		<data type="19" row="20" col="4" cloud="0" path="" />
		<data type="19" row="41" col="6" cloud="0" path="" />
		<data type="19" row="32" col="7" cloud="0" path="" />
		<data type="19" row="29" col="7" cloud="8" path="" />
		<data type="19" row="1" col="2" cloud="0" path="" />
		<data type="19" row="43" col="4" cloud="8" path="" />
		<data type="19" row="41" col="4" cloud="0" path="" />
		<data type="19" row="9" col="9" cloud="8" path="" />
		<data type="21" row="43" col="0" cloud="0" path="" />
		<data type="19" row="33" col="7" cloud="8" path="" />
		<data type="19" row="21" col="6" cloud="0" path="" />
		<data type="19" row="39" col="3" cloud="8" path="" />
		<data type="19" row="10" col="4" cloud="0" path="" />
		<data type="19" row="19" col="0" cloud="8" path="" />
		<data type="19" row="0" col="6" cloud="0" path="" />
		<data type="19" row="21" col="4" cloud="0" path="" />
		<data type="19" row="9" col="0" cloud="8" path="" />
		<data type="19" row="9" col="3" cloud="8" path="" />
		<data type="9" row="13" col="2" cloud="0" path="" />
		<data type="19" row="9" col="5" cloud="8" path="" />
		<data type="19" row="31" col="5" cloud="0" path="" />
		<data type="19" row="43" col="1" cloud="8" path="" />
		<data type="19" row="33" col="8" cloud="8" path="" />
		<data type="21" row="13" col="9" cloud="0" path="" />
		<data type="19" row="29" col="5" cloud="8" path="" />
		<data type="19" row="23" col="6" cloud="8" path="" />
		<data type="19" row="32" col="5" cloud="0" path="" />
		<data type="19" row="40" col="6" cloud="0" path="" />
		<data type="19" row="19" col="5" cloud="8" path="" />
		<data type="19" row="29" col="9" cloud="8" path="" />
		<data type="9" row="23" col="7" cloud="0" path="" />
		<data type="19" row="20" col="6" cloud="0" path="" />
		<data type="19" row="3" col="1" cloud="8" path="" />
		<data type="19" row="39" col="8" cloud="8" path="" />
		<data type="19" row="10" col="10" cloud="0" path="" />
		<data type="19" row="42" col="1" cloud="0" path="" />
		<data type="19" row="29" col="3" cloud="8" path="" />
		<data type="19" row="30" col="10" cloud="0" path="" />
		<data type="19" row="2" col="1" cloud="0" path="" />
		<data type="19" row="40" col="9" cloud="0" path="" />
		<data type="19" row="30" col="2" cloud="0" path="" />
		<data type="19" row="43" col="7" cloud="8" path="" />
		<data type="19" row="39" col="1" cloud="8" path="" />
		<data type="19" row="0" col="4" cloud="0" path="" />
		<data type="19" row="2" col="5" cloud="0" path="" />
		<data type="19" row="21" col="2" cloud="0" path="" />
		<data type="19" row="32" col="2" cloud="0" path="" />
		<data type="19" row="20" col="9" cloud="0" path="" />
		<data type="19" row="19" col="4" cloud="8" path="" />
		<data type="19" row="40" col="2" cloud="0" path="" />
		<data type="19" row="11" col="3" cloud="0" path="" />
		<data type="19" row="13" col="4" cloud="8" path="" />
		<data type="19" row="19" col="1" cloud="8" path="" />
		<data type="9" row="23" col="8" cloud="0" path="" />
		<data type="19" row="3" col="3" cloud="8" path="" />
		<data type="19" row="29" col="4" cloud="8" path="" />
		<data type="19" row="1" col="0" cloud="0" path="" />
		<data type="19" row="29" col="6" cloud="8" path="" />
		<data type="19" row="29" col="8" cloud="8" path="" />
		<data type="19" row="2" col="3" cloud="0" path="" />
		<data type="19" row="30" col="8" cloud="0" path="" />
		<data type="19" row="20" col="2" cloud="0" path="" />
		<data type="19" row="32" col="3" cloud="0" path="" />
		<data type="19" row="2" col="7" cloud="0" path="" />
		<data type="19" row="1" col="6" cloud="0" path="" />
		<data type="19" row="30" col="4" cloud="0" path="" />
		<data type="19" row="0" col="0" cloud="0" path="" />
		<data type="19" row="39" col="9" cloud="8" path="" />
		<data type="19" row="31" col="9" cloud="0" path="" />
		<data type="19" row="0" col="2" cloud="0" path="" />
		<data type="21" row="23" col="0" cloud="0" path="" />
		<data type="19" row="30" col="6" cloud="0" path="" />
		<data type="19" row="23" col="2" cloud="8" path="" />
		<data type="26" row="3" col="8" cloud="0" path="" />
		<data type="19" row="39" col="2" cloud="8" path="" />
		<data type="19" row="23" col="1" cloud="8" path="" />
		<data type="19" row="19" col="7" cloud="8" path="" />
		<data type="19" row="13" col="5" cloud="8" path="" />
		<data type="19" row="1" col="4" cloud="0" path="" />
		<data type="21" row="3" col="0" cloud="0" path="" />
		<data type="19" row="12" col="3" cloud="0" path="" />
		<data type="19" row="19" col="2" cloud="8" path="" />
		<data type="19" row="3" col="2" cloud="8" path="" />
		<data type="9" row="13" col="1" cloud="0" path="" />
		<data type="19" row="43" col="6" cloud="8" path="" />
		<data type="19" row="39" col="4" cloud="8" path="" />
		<data type="19" row="29" col="1" cloud="8" path="" />
		<data type="19" row="39" col="7" cloud="8" path="" />
		<data type="19" row="42" col="9" cloud="0" path="" />
		<data type="9" row="13" col="3" cloud="0" path="" />
		<data type="19" row="10" col="8" cloud="0" path="" />
		<data type="19" row="40" col="4" cloud="0" path="" />
		<data type="26" row="3" col="9" cloud="0" path="" />
		<data type="19" row="43" col="8" cloud="8" path="" />
		<data type="19" row="31" col="3" cloud="0" path="" />
		<data type="19" row="43" col="3" cloud="8" path="" />
		<data type="9" row="23" col="9" cloud="0" path="" />
		<data type="19" row="33" col="2" cloud="8" path="" />
		<data type="19" row="13" col="6" cloud="8" path="" />
		<data type="26" row="3" col="7" cloud="0" path="" />
		<data type="19" row="31" col="7" cloud="0" path="" />
		<data type="9" row="3" col="6" cloud="0" path="" />
		<data type="9" row="33" col="0" cloud="0" path="" />
	</bubbles>
	<info bubbleNum="29" type="4" start1="10000" start2="40000" start3="50000" colors="1111000" />
</include>