<?xml version="1.0" encoding="UTF-8"?>
<include>
	<bubbles>
		<data type="19" row="11" col="1" cloud="0" path="" />
		<data type="26" row="14" col="5" cloud="0" path="" />
		<data type="19" row="1" col="3" cloud="0" path="" />
		<data type="26" row="10" col="1" cloud="0" path="" />
		<data type="19" row="1" col="1" cloud="0" path="" />
		<data type="19" row="2" col="8" cloud="0" path="" />
		<data type="19" row="8" col="8" cloud="0" path="" />
		<data type="19" row="11" col="6" cloud="0" path="" />
		<data type="19" row="1" col="5" cloud="0" path="" />
		<data type="19" row="12" col="3" cloud="0" path="" />
		<data type="19" row="1" col="7" cloud="0" path="" />
		<data type="26" row="5" col="0" cloud="0" path="" />
		<data type="26" row="5" col="9" cloud="0" path="" />
		<data type="19" row="6" col="2" cloud="0" path="" />
		<data type="19" row="11" col="0" cloud="0" path="" />
		<data type="19" row="15" col="6" cloud="0" path="" />
		<data type="19" row="6" col="8" cloud="0" path="" />
		<data type="19" row="6" col="0" cloud="0" path="" />
		<data type="19" row="2" col="9" cloud="0" path="" />
		<data type="19" row="11" col="8" cloud="0" path="" />
		<data type="19" row="13" col="3" cloud="0" path="" />
		<data type="26" row="6" col="5" cloud="0" path="" />
		<data type="19" row="8" col="4" cloud="0" path="" />
		<data type="19" row="0" col="6" cloud="0" path="" />
		<data type="26" row="16" col="1" cloud="0" path="" />
		<data type="19" row="5" col="7" cloud="0" path="" />
		<data type="1" row="0" col="8" cloud="0" path="" />
		<data type="19" row="6" col="10" cloud="0" path="" />
		<data type="19" row="9" col="9" cloud="0" path="" />
		<data type="19" row="4" col="7" cloud="0" path="" />
		<data type="26" row="5" col="4" cloud="0" path="" />
		<data type="19" row="10" col="2" cloud="0" path="" />
		<data type="19" row="15" col="4" cloud="0" path="" />
		<data type="19" row="1" col="2" cloud="0" path="" />
		<data type="2" row="0" col="7" cloud="0" path="" />
		<data type="19" row="5" col="2" cloud="0" path="" />
		<data type="26" row="11" col="2" cloud="0" path="" />
		<data type="19" row="10" col="10" cloud="0" path="" />
		<data type="19" row="10" col="8" cloud="0" path="" />
		<data type="19" row="6" col="9" cloud="0" path="" />
		<data type="19" row="9" col="2" cloud="0" path="" />
		<data type="19" row="7" col="1" cloud="0" path="" />
		<data type="19" row="6" col="1" cloud="0" path="" />
		<data type="19" row="12" col="8" cloud="0" path="" />
		<data type="19" row="17" col="4" cloud="0" path="" />
		<data type="19" row="1" col="4" cloud="0" path="" />
		<data type="0" row="3" col="7" cloud="0" path="" />
		<data type="26" row="4" col="5" cloud="0" path="" />
		<data type="19" row="7" col="8" cloud="0" path="" />
		<data type="26" row="5" col="5" cloud="0" path="" />
		<data type="19" row="1" col="9" cloud="0" path="" />
		<data type="19" row="16" col="3" cloud="0" path="" />
		<data type="19" row="1" col="0" cloud="0" path="" />
		<data type="19" row="7" col="5" cloud="0" path="" />
		<data type="19" row="12" col="2" cloud="0" path="" />
		<data type="19" row="16" col="4" cloud="0" path="" />
		<data type="19" row="4" col="1" cloud="0" path="" />
		<data type="19" row="7" col="4" cloud="0" path="" />
		<data type="19" row="16" col="6" cloud="0" path="" />
		<data type="19" row="18" col="1" cloud="0" path="" />
		<data type="19" row="17" col="6" cloud="0" path="" />
		<data type="19" row="8" col="2" cloud="0" path="" />
		<data type="19" row="7" col="0" cloud="0" path="" />
		<data type="26" row="8" col="5" cloud="0" path="" />
		<data type="19" row="17" col="0" cloud="0" path="" />
		<data type="19" row="17" col="9" cloud="0" path="" />
		<data type="0" row="0" col="1" cloud="0" path="" />
		<data type="26" row="10" col="9" cloud="0" path="" />
		<data type="26" row="8" col="10" cloud="0" path="" />
		<data type="19" row="9" col="4" cloud="0" path="" />
		<data type="19" row="10" col="3" cloud="0" path="" />
		<data type="19" row="5" col="1" cloud="0" path="" />
		<data type="19" row="15" col="3" cloud="0" path="" />
		<data type="19" row="11" col="9" cloud="0" path="" />
		<data type="19" row="15" col="5" cloud="0" path="" />
		<data type="19" row="17" col="3" cloud="0" path="" />
		<data type="19" row="15" col="7" cloud="0" path="" />
		<data type="19" row="17" col="5" cloud="0" path="" />
		<data type="19" row="11" col="4" cloud="0" path="" />
		<data type="19" row="16" col="7" cloud="0" path="" />
		<data type="19" row="3" col="6" cloud="0" path="" />
		<data type="26" row="8" col="0" cloud="0" path="" />
		<data type="19" row="17" col="7" cloud="0" path="" />
		<data type="26" row="3" col="8" cloud="0" path="" />
		<data type="19" row="15" col="2" cloud="0" path="" />
		<data type="19" row="1" col="6" cloud="0" path="" />
		<data type="19" row="15" col="8" cloud="0" path="" />
		<data type="19" row="17" col="2" cloud="0" path="" />
		<data type="19" row="18" col="7" cloud="0" path="" />
		<data type="2" row="0" col="3" cloud="0" path="" />
		<data type="19" row="9" col="5" cloud="0" path="" />
		<data type="19" row="5" col="8" cloud="0" path="" />
		<data type="19" row="8" col="9" cloud="0" path="" />
		<data type="19" row="9" col="7" cloud="0" path="" />
		<data type="0" row="3" col="2" cloud="0" path="" />
		<data type="19" row="2" col="1" cloud="0" path="" />
		<data type="19" row="9" col="8" cloud="0" path="" />
		<data type="19" row="11" col="5" cloud="0" path="" />
		<data type="19" row="0" col="10" cloud="0" path="" />
		<data type="19" row="18" col="3" cloud="0" path="" />
		<data type="0" row="13" col="4" cloud="0" path="" />
		<data type="19" row="2" col="2" cloud="0" path="" />
		<data type="19" row="9" col="0" cloud="0" path="" />
		<data type="19" row="18" col="9" cloud="0" path="" />
		<data type="19" row="7" col="9" cloud="0" path="" />
		<data type="19" row="2" col="6" cloud="0" path="" />
		<data type="1" row="3" col="4" cloud="0" path="" />
		<data type="19" row="10" col="7" cloud="0" path="" />
		<data type="1" row="0" col="2" cloud="0" path="" />
		<data type="26" row="11" col="7" cloud="0" path="" />
		<data type="19" row="12" col="7" cloud="0" path="" />
		<data type="19" row="16" col="2" cloud="0" path="" />
		<data type="1" row="0" col="5" cloud="0" path="" />
		<data type="19" row="4" col="2" cloud="0" path="" />
		<data type="19" row="4" col="3" cloud="0" path="" />
		<data type="19" row="12" col="5" cloud="0" path="" />
		<data type="1" row="3" col="5" cloud="0" path="" />
		<data type="19" row="12" col="6" cloud="0" path="" />
		<data type="0" row="13" col="5" cloud="0" path="" />
		<data type="19" row="12" col="4" cloud="0" path="" />
		<data type="19" row="1" col="8" cloud="0" path="" />
		<data type="19" row="2" col="4" cloud="0" path="" />
		<data type="26" row="2" col="7" cloud="0" path="" />
		<data type="19" row="8" col="6" cloud="0" path="" />
		<data type="26" row="3" col="1" cloud="0" path="" />
		<data type="19" row="9" col="1" cloud="0" path="" />
		<data type="26" row="16" col="5" cloud="0" path="" />
		<data type="19" row="13" col="6" cloud="0" path="" />
		<data type="26" row="2" col="3" cloud="0" path="" />
		<data type="19" row="3" col="3" cloud="0" path="" />
		<data type="19" row="4" col="9" cloud="0" path="" />
		<data type="19" row="8" col="1" cloud="0" path="" />
		<data type="19" row="0" col="0" cloud="0" path="" />
		<data type="19" row="15" col="1" cloud="0" path="" />
		<data type="19" row="11" col="3" cloud="0" path="" />
		<data type="19" row="10" col="0" cloud="0" path="" />
		<data type="19" row="2" col="5" cloud="0" path="" />
		<data type="19" row="4" col="8" cloud="0" path="" />
		<data type="0" row="0" col="9" cloud="0" path="" />
		<data type="19" row="0" col="4" cloud="0" path="" />
		<data type="26" row="18" col="5" cloud="0" path="" />
		<data type="26" row="16" col="9" cloud="0" path="" />
	</bubbles>
	<info bubbleNum="20" type="1" start1="6400" start2="89000" start3="168000" colors="1110000" />
</include>