<?xml version="1.0" encoding="UTF-8"?>
<include>
	<bubbles>
		<data type="13" row="48" col="5" cloud="0" path="" />
		<data type="13" row="40" col="5" cloud="0" path="" />
		<data type="13" row="26" col="2" cloud="0" path="" />
		<data type="13" row="22" col="8" cloud="0" path="" />
		<data type="13" row="11" col="3" cloud="0" path="" />
		<data type="13" row="4" col="6" cloud="0" path="" />
		<data type="19" row="35" col="5" cloud="0" path="" />
		<data type="26" row="30" col="3" cloud="0" path="" />
		<data type="19" row="46" col="1" cloud="0" path="" />
		<data type="19" row="26" col="6" cloud="0" path="" />
		<data type="19" row="22" col="4" cloud="0" path="" />
		<data type="19" row="28" col="2" cloud="8" path="" />
		<data type="19" row="45" col="2" cloud="0" path="" />
		<data type="19" row="43" col="3" cloud="0" path="" />
		<data type="0" row="27" col="4" cloud="0" path="" />
		<data type="19" row="27" col="0" cloud="8" path="" />
		<data type="19" row="10" col="4" cloud="0" path="" />
		<data type="19" row="28" col="1" cloud="8" path="" />
		<data type="19" row="25" col="4" cloud="0" path="" />
		<data type="19" row="4" col="8" cloud="8" path="" />
		<data type="9" row="18" col="6" cloud="0" path="" />
		<data type="19" row="24" col="1" cloud="8" path="" />
		<data type="19" row="25" col="9" cloud="0" path="" />
		<data type="19" row="6" col="6" cloud="8" path="" />
		<data type="19" row="6" col="4" cloud="0" path="" />
		<data type="26" row="23" col="1" cloud="0" path="" />
		<data type="19" row="45" col="4" cloud="8" path="" />
		<data type="19" row="47" col="9" cloud="0" path="" />
		<data type="9" row="1" col="6" cloud="0" path="" />
		<data type="19" row="47" col="3" cloud="8" path="" />
		<data type="19" row="48" col="9" cloud="0" path="" />
		<data type="26" row="10" col="1" cloud="0" path="" />
		<data type="19" row="41" col="3" cloud="8" path="" />
		<data type="9" row="42" col="6" cloud="0" path="" />
		<data type="19" row="51" col="5" cloud="8" path="" />
		<data type="26" row="18" col="8" cloud="0" path="" />
		<data type="2" row="53" col="4" cloud="0" path="" />
		<data type="19" row="43" col="5" cloud="8" path="" />
		<data type="9" row="1" col="7" cloud="0" path="" />
		<data type="19" row="24" col="3" cloud="8" path="" />
		<data type="19" row="10" col="5" cloud="0" path="" />
		<data type="19" row="41" col="1" cloud="8" path="" />
		<data type="19" row="37" col="6" cloud="0" path="" />
		<data type="19" row="40" col="10" cloud="0" path="" />
		<data type="26" row="23" col="0" cloud="0" path="" />
		<data type="26" row="8" col="6" cloud="0" path="" />
		<data type="19" row="45" col="6" cloud="0" path="" />
		<data type="2" row="53" col="5" cloud="0" path="" />
		<data type="10" row="12" col="8" cloud="0" path="" />
		<data type="19" row="3" col="4" cloud="0" path="" />
		<data type="9" row="14" col="4" cloud="0" path="" />
		<data type="19" row="45" col="8" cloud="0" path="" />
		<data type="9" row="46" col="4" cloud="0" path="" />
		<data type="19" row="24" col="7" cloud="8" path="" />
		<data type="19" row="5" col="4" cloud="0" path="" />
		<data type="10" row="4" col="9" cloud="0" path="" />
		<data type="19" row="7" col="2" cloud="8" path="" />
		<data type="19" row="8" col="9" cloud="0" path="" />
		<data type="19" row="25" col="6" cloud="8" path="" />
		<data type="19" row="49" col="3" cloud="8" path="" />
		<data type="19" row="41" col="7" cloud="8" path="" />
		<data type="19" row="52" col="4" cloud="0" path="" />
		<data type="9" row="46" col="6" cloud="0" path="" />
		<data type="19" row="46" col="9" cloud="0" path="" />
		<data type="19" row="12" col="6" cloud="0" path="" />
		<data type="19" row="14" col="8" cloud="0" path="" />
		<data type="19" row="48" col="2" cloud="0" path="" />
		<data type="10" row="11" col="0" cloud="0" path="" />
		<data type="26" row="12" col="1" cloud="0" path="" />
		<data type="0" row="49" col="7" cloud="0" path="" />
		<data type="19" row="48" col="0" cloud="0" path="" />
		<data type="19" row="24" col="9" cloud="8" path="" />
		<data type="19" row="1" col="3" cloud="8" path="" />
		<data type="19" row="47" col="8" cloud="8" path="" />
		<data type="19" row="24" col="5" cloud="0" path="" />
		<data type="19" row="20" col="9" cloud="8" path="" />
		<data type="19" row="35" col="4" cloud="0" path="" />
		<data type="26" row="8" col="5" cloud="0" path="" />
		<data type="19" row="25" col="0" cloud="8" path="" />
		<data type="19" row="4" col="2" cloud="8" path="" />
		<data type="19" row="34" col="5" cloud="0" path="" />
		<data type="19" row="8" col="10" cloud="8" path="" />
		<data type="19" row="39" col="7" cloud="0" path="" />
		<data type="19" row="5" col="3" cloud="0" path="" />
		<data type="19" row="1" col="1" cloud="8" path="" />
		<data type="19" row="14" col="10" cloud="8" path="" />
		<data type="19" row="26" col="9" cloud="0" path="" />
		<data type="19" row="40" col="0" cloud="0" path="" />
		<data type="19" row="39" col="3" cloud="8" path="" />
		<data type="19" row="7" col="4" cloud="8" path="" />
		<data type="26" row="10" col="6" cloud="0" path="" />
		<data type="19" row="1" col="0" cloud="8" path="" />
		<data type="9" row="29" col="4" cloud="0" path="" />
		<data type="9" row="42" col="5" cloud="0" path="" />
		<data type="19" row="14" col="6" cloud="8" path="" />
		<data type="19" row="45" col="7" cloud="0" path="" />
		<data type="19" row="24" col="6" cloud="8" path="" />
		<data type="19" row="4" col="3" cloud="0" path="" />
		<data type="9" row="14" col="2" cloud="0" path="" />
		<data type="19" row="47" col="2" cloud="8" path="" />
		<data type="19" row="22" col="0" cloud="0" path="" />
		<data type="19" row="9" col="4" cloud="0" path="" />
		<data type="19" row="41" col="8" cloud="8" path="" />
		<data type="19" row="11" col="8" cloud="8" path="" />
		<data type="19" row="21" col="9" cloud="8" path="" />
		<data type="19" row="4" col="1" cloud="8" path="" />
		<data type="26" row="7" col="7" cloud="0" path="" />
		<data type="26" row="10" col="7" cloud="0" path="" />
		<data type="10" row="26" col="5" cloud="0" path="" />
		<data type="19" row="13" col="4" cloud="0" path="" />
		<data type="26" row="5" col="8" cloud="0" path="" />
		<data type="19" row="22" col="3" cloud="0" path="" />
		<data type="26" row="12" col="10" cloud="0" path="" />
		<data type="19" row="45" col="1" cloud="0" path="" />
		<data type="10" row="18" col="10" cloud="0" path="" />
		<data type="19" row="8" col="2" cloud="8" path="" />
		<data type="26" row="6" col="8" cloud="0" path="" />
		<data type="19" row="47" col="7" cloud="8" path="" />
		<data type="19" row="45" col="5" cloud="8" path="" />
		<data type="19" row="0" col="0" cloud="8" path="" />
		<data type="26" row="5" col="0" cloud="0" path="" />
		<data type="19" row="7" col="3" cloud="0" path="" />
		<data type="19" row="11" col="6" cloud="0" path="" />
		<data type="19" row="28" col="3" cloud="8" path="" />
		<data type="26" row="13" col="1" cloud="0" path="" />
		<data type="19" row="41" col="2" cloud="8" path="" />
		<data type="19" row="52" col="6" cloud="0" path="" />
		<data type="19" row="23" col="9" cloud="8" path="" />
		<data type="19" row="14" col="5" cloud="8" path="" />
		<data type="19" row="22" col="1" cloud="0" path="" />
		<data type="9" row="30" col="4" cloud="0" path="" />
		<data type="26" row="3" col="2" cloud="0" path="" />
		<data type="19" row="43" col="8" cloud="0" path="" />
		<data type="19" row="26" col="0" cloud="8" path="" />
		<data type="19" row="20" col="6" cloud="0" path="" />
		<data type="19" row="49" col="6" cloud="8" path="" />
		<data type="19" row="36" col="4" cloud="0" path="" />
		<data type="19" row="2" col="5" cloud="0" path="" />
		<data type="9" row="20" col="5" cloud="0" path="" />
		<data type="19" row="27" col="3" cloud="0" path="" />
		<data type="19" row="11" col="5" cloud="0" path="" />
		<data type="26" row="23" col="2" cloud="0" path="" />
		<data type="9" row="14" col="3" cloud="0" path="" />
		<data type="19" row="21" col="4" cloud="0" path="" />
		<data type="19" row="40" col="9" cloud="0" path="" />
		<data type="19" row="43" col="4" cloud="8" path="" />
		<data type="19" row="39" col="6" cloud="8" path="" />
		<data type="9" row="1" col="5" cloud="0" path="" />
		<data type="19" row="24" col="8" cloud="8" path="" />
		<data type="19" row="37" col="3" cloud="0" path="" />
		<data type="19" row="48" col="8" cloud="0" path="" />
		<data type="26" row="30" col="2" cloud="0" path="" />
		<data type="19" row="43" col="2" cloud="0" path="" />
		<data type="26" row="23" col="3" cloud="0" path="" />
		<data type="10" row="26" col="10" cloud="0" path="" />
		<data type="26" row="12" col="7" cloud="0" path="" />
		<data type="19" row="26" col="7" cloud="0" path="" />
		<data type="19" row="47" col="1" cloud="8" path="" />
		<data type="10" row="22" col="5" cloud="0" path="" />
		<data type="19" row="41" col="9" cloud="0" path="" />
		<data type="19" row="43" col="1" cloud="0" path="" />
		<data type="26" row="9" col="1" cloud="0" path="" />
		<data type="19" row="20" col="7" cloud="8" path="" />
		<data type="19" row="43" col="6" cloud="0" path="" />
		<data type="9" row="28" col="5" cloud="0" path="" />
		<data type="9" row="42" col="4" cloud="0" path="" />
		<data type="10" row="5" col="1" cloud="0" path="" />
		<data type="19" row="37" col="5" cloud="8" path="" />
		<data type="26" row="10" col="8" cloud="0" path="" />
		<data type="26" row="3" col="3" cloud="0" path="" />
		<data type="19" row="6" col="7" cloud="8" path="" />
		<data type="19" row="42" col="9" cloud="0" path="" />
		<data type="26" row="10" col="9" cloud="0" path="" />
		<data type="19" row="25" col="5" cloud="0" path="" />
		<data type="19" row="1" col="2" cloud="8" path="" />
		<data type="19" row="11" col="9" cloud="8" path="" />
		<data type="26" row="3" col="1" cloud="0" path="" />
		<data type="19" row="47" col="6" cloud="8" path="" />
		<data type="19" row="1" col="4" cloud="8" path="" />
		<data type="10" row="30" col="0" cloud="0" path="" />
		<data type="19" row="48" col="10" cloud="0" path="" />
		<data type="19" row="42" col="2" cloud="8" path="" />
		<data type="19" row="21" col="5" cloud="0" path="" />
		<data type="19" row="14" col="7" cloud="0" path="" />
		<data type="26" row="10" col="10" cloud="0" path="" />
		<data type="19" row="37" col="4" cloud="8" path="" />
		<data type="19" row="5" col="7" cloud="8" path="" />
		<data type="19" row="22" col="10" cloud="8" path="" />
		<data type="2" row="54" col="5" cloud="0" path="" />
		<data type="26" row="3" col="8" cloud="0" path="" />
		<data type="19" row="24" col="2" cloud="8" path="" />
		<data type="19" row="40" col="1" cloud="0" path="" />
		<data type="19" row="11" col="1" cloud="8" path="" />
		<data type="19" row="25" col="7" cloud="0" path="" />
		<data type="26" row="18" col="7" cloud="0" path="" />
		<data type="9" row="46" col="5" cloud="0" path="" />
		<data type="9" row="19" col="5" cloud="0" path="" />
		<data type="26" row="5" col="2" cloud="0" path="" />
		<data type="19" row="8" col="8" cloud="8" path="" />
		<data type="19" row="23" col="5" cloud="0" path="" />
		<data type="19" row="7" col="0" cloud="8" path="" />
		<data type="19" row="41" col="6" cloud="8" path="" />
		<data type="19" row="12" col="4" cloud="0" path="" />
		<data type="0" row="27" col="5" cloud="0" path="" />
		<data type="19" row="45" col="3" cloud="0" path="" />
		<data type="19" row="24" col="4" cloud="8" path="" />
		<data type="26" row="18" col="9" cloud="0" path="" />
		<data type="19" row="48" col="1" cloud="0" path="" />
		<data type="19" row="41" col="0" cloud="0" path="" />
		<data type="19" row="39" col="2" cloud="0" path="" />
		<data type="19" row="40" col="8" cloud="0" path="" />
		<data type="19" row="26" col="8" cloud="0" path="" />
		<data type="19" row="51" col="4" cloud="8" path="" />
		<data type="19" row="40" col="2" cloud="0" path="" />
		<data type="26" row="3" col="0" cloud="0" path="" />
		<data type="19" row="38" col="3" cloud="0" path="" />
		<data type="26" row="12" col="9" cloud="0" path="" />
		<data type="19" row="14" col="9" cloud="8" path="" />
		<data type="19" row="42" col="8" cloud="8" path="" />
		<data type="1" row="49" col="2" cloud="0" path="" />
		<data type="19" row="47" col="0" cloud="0" path="" />
		<data type="19" row="6" col="5" cloud="0" path="" />
		<data type="26" row="8" col="7" cloud="0" path="" />
		<data type="19" row="51" col="6" cloud="0" path="" />
		<data type="0" row="50" col="7" cloud="0" path="" />
		<data type="1" row="50" col="3" cloud="0" path="" />
		<data type="19" row="20" col="8" cloud="8" path="" />
		<data type="19" row="51" col="3" cloud="0" path="" />
		<data type="19" row="25" col="8" cloud="0" path="" />
		<data type="19" row="38" col="7" cloud="0" path="" />
		<data type="19" row="43" col="7" cloud="0" path="" />
		<data type="19" row="7" col="1" cloud="0" path="" />
		<data type="26" row="2" col="8" cloud="0" path="" />
		<data type="19" row="9" col="3" cloud="8" path="" />
		<data type="19" row="46" col="2" cloud="8" path="" />
		<data type="19" row="42" col="1" cloud="0" path="" />
		<data type="19" row="36" col="6" cloud="0" path="" />
		<data type="19" row="12" col="5" cloud="0" path="" />
		<data type="19" row="22" col="2" cloud="0" path="" />
		<data type="19" row="9" col="2" cloud="8" path="" />
		<data type="19" row="46" col="8" cloud="8" path="" />
		<data type="19" row="23" col="4" cloud="0" path="" />
		<data type="19" row="4" col="4" cloud="0" path="" />
		<data type="26" row="30" col="1" cloud="0" path="" />
		<data type="19" row="13" col="5" cloud="0" path="" />
	</bubbles>
	<info bubbleNum="37" type="4" start1="10000" start2="78000" start3="112000" colors="1110000" />
</include>