<?xml version="1.0" encoding="UTF-8"?>
<include>
	<bubbles>
		<data type="13" row="42" col="5" cloud="0" path="" />
		<data type="13" row="26" col="5" cloud="0" path="" />
		<data type="13" row="11" col="3" cloud="0" path="" />
		<data type="13" row="3" col="7" cloud="0" path="" />
		<data type="19" row="12" col="1" cloud="0" path="" />
		<data type="9" row="2" col="9" cloud="0" path="" />
		<data type="19" row="40" col="4" cloud="8" path="" />
		<data type="19" row="45" col="4" cloud="0" path="" />
		<data type="19" row="29" col="2" cloud="8" path="" />
		<data type="9" row="5" col="7" cloud="0" path="" />
		<data type="26" row="42" col="9" cloud="0" path="" />
		<data type="10" row="7" col="5" cloud="0" path="" />
		<data type="26" row="22" col="2" cloud="0" path="" />
		<data type="19" row="26" col="2" cloud="0" path="" />
		<data type="19" row="23" col="4" cloud="0" path="" />
		<data type="26" row="42" col="1" cloud="0" path="" />
		<data type="19" row="39" col="5" cloud="0" path="" />
		<data type="19" row="29" col="4" cloud="0" path="" />
		<data type="26" row="38" col="3" cloud="0" path="" />
		<data type="19" row="44" col="5" cloud="0" path="" />
		<data type="19" row="43" col="3" cloud="0" path="" />
		<data type="26" row="46" col="7" cloud="0" path="" />
		<data type="9" row="0" col="7" cloud="0" path="" />
		<data type="19" row="11" col="0" cloud="0" path="" />
		<data type="19" row="8" col="7" cloud="8" path="" />
		<data type="26" row="27" col="3" cloud="0" path="" />
		<data type="19" row="6" col="4" cloud="8" path="" />
		<data type="19" row="45" col="3" cloud="0" path="" />
		<data type="26" row="38" col="7" cloud="0" path="" />
		<data type="19" row="44" col="4" cloud="8" path="" />
		<data type="9" row="5" col="8" cloud="0" path="" />
		<data type="9" row="1" col="8" cloud="0" path="" />
		<data type="26" row="27" col="9" cloud="0" path="" />
		<data type="26" row="6" col="5" cloud="0" path="" />
		<data type="19" row="44" col="6" cloud="8" path="" />
		<data type="26" row="6" col="6" cloud="0" path="" />
		<data type="19" row="28" col="3" cloud="0" path="" />
		<data type="19" row="5" col="5" cloud="0" path="" />
		<data type="19" row="10" col="1" cloud="0" path="" />
		<data type="26" row="10" col="5" cloud="0" path="" />
		<data type="26" row="23" col="0" cloud="0" path="" />
		<data type="19" row="27" col="7" cloud="0" path="" />
		<data type="19" row="7" col="7" cloud="8" path="" />
		<data type="19" row="7" col="3" cloud="8" path="" />
		<data type="19" row="26" col="8" cloud="8" path="" />
		<data type="10" row="28" col="8" cloud="0" path="" />
		<data type="19" row="45" col="6" cloud="0" path="" />
		<data type="26" row="26" col="3" cloud="0" path="" />
		<data type="19" row="40" col="7" cloud="0" path="" />
		<data type="19" row="41" col="6" cloud="0" path="" />
		<data type="26" row="29" col="9" cloud="0" path="" />
		<data type="26" row="9" col="2" cloud="0" path="" />
		<data type="19" row="29" col="5" cloud="8" path="" />
		<data type="26" row="27" col="8" cloud="0" path="" />
		<data type="19" row="45" col="5" cloud="0" path="" />
		<data type="19" row="13" col="4" cloud="0" path="" />
		<data type="19" row="43" col="7" cloud="0" path="" />
		<data type="19" row="30" col="4" cloud="8" path="" />
		<data type="19" row="25" col="2" cloud="8" path="" />
		<data type="19" row="2" col="8" cloud="0" path="" />
		<data type="26" row="25" col="1" cloud="0" path="" />
		<data type="26" row="29" col="7" cloud="0" path="" />
		<data type="26" row="24" col="4" cloud="0" path="" />
		<data type="19" row="44" col="7" cloud="0" path="" />
		<data type="26" row="23" col="2" cloud="0" path="" />
		<data type="19" row="23" col="3" cloud="8" path="" />
		<data type="26" row="46" col="3" cloud="0" path="" />
		<data type="19" row="12" col="5" cloud="0" path="" />
		<data type="19" row="42" col="2" cloud="0" path="" />
		<data type="19" row="24" col="7" cloud="8" path="" />
		<data type="26" row="25" col="0" cloud="0" path="" />
		<data type="19" row="40" col="6" cloud="8" path="" />
		<data type="19" row="25" col="7" cloud="0" path="" />
		<data type="19" row="5" col="6" cloud="0" path="" />
		<data type="19" row="39" col="3" cloud="0" path="" />
		<data type="9" row="8" col="5" cloud="0" path="" />
		<data type="26" row="28" col="6" cloud="0" path="" />
		<data type="26" row="30" col="8" cloud="0" path="" />
		<data type="9" row="4" col="9" cloud="0" path="" />
		<data type="19" row="23" col="7" cloud="0" path="" />
		<data type="26" row="26" col="7" cloud="0" path="" />
		<data type="19" row="41" col="3" cloud="0" path="" />
		<data type="26" row="28" col="5" cloud="0" path="" />
		<data type="19" row="28" col="7" cloud="8" path="" />
		<data type="10" row="24" col="2" cloud="0" path="" />
		<data type="19" row="23" col="5" cloud="8" path="" />
		<data type="19" row="27" col="2" cloud="8" path="" />
		<data type="19" row="8" col="4" cloud="8" path="" />
		<data type="26" row="9" col="4" cloud="0" path="" />
		<data type="19" row="30" col="3" cloud="0" path="" />
		<data type="26" row="28" col="10" cloud="0" path="" />
		<data type="19" row="13" col="3" cloud="0" path="" />
		<data type="19" row="22" col="7" cloud="8" path="" />
		<data type="9" row="8" col="6" cloud="0" path="" />
		<data type="19" row="4" col="8" cloud="0" path="" />
		<data type="26" row="24" col="0" cloud="0" path="" />
		<data type="19" row="29" col="6" cloud="0" path="" />
		<data type="19" row="43" col="6" cloud="0" path="" />
		<data type="19" row="12" col="4" cloud="0" path="" />
		<data type="26" row="30" col="9" cloud="0" path="" />
		<data type="26" row="24" col="6" cloud="0" path="" />
		<data type="27" row="3" col="9" cloud="0" path="" />
		<data type="19" row="39" col="6" cloud="0" path="" />
		<data type="19" row="24" col="3" cloud="0" path="" />
		<data type="27" row="11" col="5" cloud="0" path="" />
		<data type="19" row="10" col="4" cloud="0" path="" />
		<data type="19" row="42" col="3" cloud="8" path="" />
		<data type="26" row="9" col="3" cloud="0" path="" />
		<data type="19" row="42" col="7" cloud="8" path="" />
		<data type="19" row="41" col="2" cloud="0" path="" />
		<data type="19" row="22" col="6" cloud="0" path="" />
		<data type="26" row="28" col="4" cloud="0" path="" />
		<data type="9" row="1" col="6" cloud="0" path="" />
		<data type="26" row="25" col="6" cloud="0" path="" />
		<data type="19" row="4" col="5" cloud="0" path="" />
		<data type="19" row="41" col="7" cloud="0" path="" />
		<data type="19" row="6" col="7" cloud="8" path="" />
		<data type="26" row="22" col="1" cloud="0" path="" />
		<data type="19" row="13" col="1" cloud="0" path="" />
		<data type="19" row="43" col="2" cloud="0" path="" />
		<data type="26" row="24" col="5" cloud="0" path="" />
		<data type="9" row="1" col="5" cloud="0" path="" />
		<data type="19" row="3" col="4" cloud="8" path="" />
		<data type="9" row="2" col="5" cloud="0" path="" />
		<data type="19" row="44" col="3" cloud="0" path="" />
		<data type="26" row="9" col="1" cloud="0" path="" />
		<data type="19" row="40" col="3" cloud="0" path="" />
		<data type="19" row="40" col="5" cloud="0" path="" />
		<data type="9" row="1" col="7" cloud="0" path="" />
		<data type="19" row="39" col="4" cloud="0" path="" />
		<data type="19" row="13" col="2" cloud="0" path="" />
		<data type="10" row="29" col="3" cloud="0" path="" />
		<data type="10" row="23" col="6" cloud="0" path="" />
		<data type="19" row="42" col="8" cloud="0" path="" />
	</bubbles>
	<info bubbleNum="42" type="4" start1="8000" start2="64000" start3="92000" colors="1111000" />
</include>