<?xml version="1.0" encoding="UTF-8"?>
<include>
	<bubbles>
		<data type="18" row="26" col="2" cloud="0" path="" />
		<data type="18" row="22" col="2" cloud="0" path="" />
		<data type="18" row="18" col="2" cloud="0" path="" />
		<data type="18" row="14" col="2" cloud="0" path="" />
		<data type="18" row="10" col="2" cloud="0" path="" />
		<data type="18" row="6" col="2" cloud="0" path="" />
		<data type="18" row="2" col="2" cloud="0" path="" />
		<data type="19" row="26" col="4" cloud="0" path="" />
		<data type="7" row="28" col="9" cloud="0" path="" />
		<data type="9" row="11" col="9" cloud="0" path="" />
		<data type="9" row="10" col="9" cloud="0" path="" />
		<data type="9" row="9" col="9" cloud="0" path="" />
		<data type="19" row="20" col="6" cloud="0" path="" />
		<data type="19" row="28" col="7" cloud="0" path="" />
		<data type="19" row="8" col="1" cloud="0" path="" />
		<data type="9" row="10" col="10" cloud="0" path="" />
		<data type="19" row="16" col="0" cloud="0" path="" />
		<data type="19" row="2" col="5" cloud="0" path="" />
		<data type="19" row="13" col="3" cloud="0" path="" />
		<data type="19" row="4" col="3" cloud="0" path="" />
		<data type="19" row="24" col="4" cloud="0" path="" />
		<data type="19" row="4" col="2" cloud="0" path="" />
		<data type="19" row="20" col="1" cloud="0" path="" />
		<data type="19" row="25" col="4" cloud="0" path="" />
		<data type="19" row="3" col="3" cloud="0" path="" />
		<data type="19" row="4" col="5" cloud="0" path="" />
		<data type="19" row="8" col="3" cloud="0" path="" />
		<data type="19" row="6" col="0" cloud="0" path="" />
		<data type="19" row="10" col="0" cloud="0" path="" />
		<data type="19" row="8" col="8" cloud="0" path="" />
		<data type="19" row="23" col="0" cloud="0" path="" />
		<data type="19" row="26" col="7" cloud="0" path="" />
		<data type="19" row="10" col="4" cloud="0" path="" />
		<data type="9" row="5" col="9" cloud="0" path="" />
		<data type="19" row="13" col="4" cloud="0" path="" />
		<data type="19" row="9" col="5" cloud="0" path="" />
		<data type="19" row="7" col="5" cloud="0" path="" />
		<data type="19" row="9" col="7" cloud="0" path="" />
		<data type="9" row="1" col="9" cloud="0" path="" />
		<data type="9" row="0" col="10" cloud="0" path="" />
		<data type="19" row="0" col="8" cloud="0" path="" />
		<data type="19" row="7" col="7" cloud="0" path="" />
		<data type="19" row="25" col="5" cloud="0" path="" />
		<data type="19" row="15" col="4" cloud="0" path="" />
		<data type="19" row="24" col="3" cloud="0" path="" />
		<data type="9" row="24" col="10" cloud="0" path="" />
		<data type="19" row="12" col="2" cloud="0" path="" />
		<data type="19" row="19" col="8" cloud="0" path="" />
		<data type="9" row="14" col="9" cloud="0" path="" />
		<data type="19" row="15" col="8" cloud="0" path="" />
		<data type="19" row="1" col="8" cloud="0" path="" />
		<data type="19" row="8" col="5" cloud="0" path="" />
		<data type="19" row="25" col="7" cloud="0" path="" />
		<data type="19" row="14" col="7" cloud="0" path="" />
		<data type="19" row="5" col="0" cloud="0" path="" />
		<data type="19" row="22" col="6" cloud="0" path="" />
		<data type="19" row="16" col="6" cloud="0" path="" />
		<data type="19" row="7" col="4" cloud="0" path="" />
		<data type="9" row="26" col="10" cloud="0" path="" />
		<data type="19" row="9" col="4" cloud="0" path="" />
		<data type="19" row="9" col="0" cloud="0" path="" />
		<data type="19" row="15" col="7" cloud="0" path="" />
		<data type="7" row="0" col="9" cloud="0" path="" />
		<data type="19" row="2" col="0" cloud="0" path="" />
		<data type="19" row="26" col="0" cloud="0" path="" />
		<data type="9" row="14" col="10" cloud="0" path="" />
		<data type="19" row="1" col="5" cloud="0" path="" />
		<data type="19" row="16" col="7" cloud="0" path="" />
		<data type="7" row="16" col="9" cloud="0" path="" />
		<data type="19" row="23" col="8" cloud="0" path="" />
		<data type="19" row="17" col="4" cloud="0" path="" />
		<data type="9" row="27" col="9" cloud="0" path="" />
		<data type="19" row="20" col="0" cloud="0" path="" />
		<data type="19" row="17" col="0" cloud="0" path="" />
		<data type="9" row="16" col="10" cloud="0" path="" />
		<data type="19" row="7" col="6" cloud="0" path="" />
		<data type="19" row="8" col="4" cloud="0" path="" />
		<data type="19" row="27" col="0" cloud="0" path="" />
		<data type="19" row="4" col="0" cloud="0" path="" />
		<data type="19" row="5" col="8" cloud="0" path="" />
		<data type="19" row="28" col="0" cloud="0" path="" />
		<data type="19" row="14" col="5" cloud="0" path="" />
		<data type="19" row="13" col="6" cloud="0" path="" />
		<data type="19" row="18" col="0" cloud="0" path="" />
		<data type="19" row="14" col="0" cloud="0" path="" />
		<data type="19" row="26" col="6" cloud="0" path="" />
		<data type="19" row="11" col="7" cloud="0" path="" />
		<data type="9" row="22" col="9" cloud="0" path="" />
		<data type="19" row="28" col="2" cloud="0" path="" />
		<data type="19" row="3" col="0" cloud="0" path="" />
		<data type="19" row="14" col="4" cloud="0" path="" />
		<data type="9" row="26" col="9" cloud="0" path="" />
		<data type="19" row="12" col="0" cloud="0" path="" />
		<data type="19" row="7" col="0" cloud="0" path="" />
		<data type="19" row="0" col="2" cloud="0" path="" />
		<data type="9" row="18" col="9" cloud="0" path="" />
		<data type="19" row="5" col="5" cloud="0" path="" />
		<data type="9" row="7" col="9" cloud="0" path="" />
		<data type="19" row="1" col="0" cloud="0" path="" />
		<data type="19" row="5" col="7" cloud="0" path="" />
		<data type="19" row="20" col="3" cloud="0" path="" />
		<data type="19" row="13" col="7" cloud="0" path="" />
		<data type="19" row="4" col="4" cloud="0" path="" />
		<data type="9" row="6" col="9" cloud="0" path="" />
		<data type="9" row="2" col="10" cloud="0" path="" />
		<data type="19" row="7" col="8" cloud="0" path="" />
		<data type="19" row="18" col="7" cloud="0" path="" />
		<data type="19" row="13" col="0" cloud="0" path="" />
		<data type="19" row="14" col="8" cloud="0" path="" />
		<data type="19" row="23" col="5" cloud="0" path="" />
		<data type="9" row="15" col="9" cloud="0" path="" />
		<data type="19" row="13" col="5" cloud="0" path="" />
		<data type="19" row="28" col="6" cloud="0" path="" />
		<data type="19" row="15" col="5" cloud="0" path="" />
		<data type="19" row="19" col="7" cloud="0" path="" />
		<data type="19" row="12" col="3" cloud="0" path="" />
		<data type="19" row="26" col="8" cloud="0" path="" />
		<data type="19" row="3" col="6" cloud="0" path="" />
		<data type="19" row="24" col="2" cloud="0" path="" />
		<data type="19" row="4" col="7" cloud="0" path="" />
		<data type="19" row="19" col="6" cloud="0" path="" />
		<data type="19" row="9" col="8" cloud="0" path="" />
		<data type="19" row="22" col="5" cloud="0" path="" />
		<data type="19" row="17" col="3" cloud="0" path="" />
		<data type="19" row="10" col="8" cloud="0" path="" />
		<data type="19" row="24" col="6" cloud="0" path="" />
		<data type="9" row="12" col="10" cloud="0" path="" />
		<data type="19" row="16" col="3" cloud="0" path="" />
		<data type="19" row="17" col="7" cloud="0" path="" />
		<data type="19" row="27" col="6" cloud="0" path="" />
		<data type="19" row="4" col="8" cloud="0" path="" />
		<data type="19" row="17" col="8" cloud="0" path="" />
		<data type="19" row="19" col="0" cloud="0" path="" />
		<data type="19" row="3" col="5" cloud="0" path="" />
		<data type="9" row="4" col="10" cloud="0" path="" />
		<data type="7" row="20" col="9" cloud="0" path="" />
		<data type="19" row="17" col="6" cloud="0" path="" />
		<data type="19" row="10" col="6" cloud="0" path="" />
		<data type="19" row="20" col="5" cloud="0" path="" />
		<data type="19" row="18" col="8" cloud="0" path="" />
		<data type="9" row="25" col="9" cloud="0" path="" />
		<data type="19" row="6" col="5" cloud="0" path="" />
		<data type="19" row="15" col="3" cloud="0" path="" />
		<data type="19" row="0" col="0" cloud="0" path="" />
		<data type="19" row="8" col="0" cloud="0" path="" />
		<data type="19" row="21" col="3" cloud="0" path="" />
		<data type="19" row="23" col="3" cloud="0" path="" />
		<data type="19" row="24" col="1" cloud="0" path="" />
		<data type="19" row="18" col="4" cloud="0" path="" />
		<data type="19" row="0" col="1" cloud="0" path="" />
		<data type="19" row="16" col="1" cloud="0" path="" />
		<data type="19" row="12" col="7" cloud="0" path="" />
		<data type="19" row="0" col="3" cloud="0" path="" />
		<data type="19" row="11" col="6" cloud="0" path="" />
		<data type="19" row="1" col="4" cloud="0" path="" />
		<data type="19" row="24" col="0" cloud="0" path="" />
		<data type="19" row="20" col="2" cloud="0" path="" />
		<data type="7" row="4" col="9" cloud="0" path="" />
		<data type="19" row="8" col="7" cloud="0" path="" />
		<data type="19" row="21" col="5" cloud="0" path="" />
		<data type="9" row="21" col="9" cloud="0" path="" />
		<data type="19" row="12" col="8" cloud="0" path="" />
		<data type="19" row="8" col="2" cloud="0" path="" />
		<data type="19" row="4" col="1" cloud="0" path="" />
		<data type="19" row="12" col="1" cloud="0" path="" />
		<data type="9" row="20" col="10" cloud="0" path="" />
		<data type="19" row="6" col="6" cloud="0" path="" />
		<data type="19" row="11" col="5" cloud="0" path="" />
		<data type="19" row="22" col="7" cloud="0" path="" />
		<data type="19" row="0" col="4" cloud="0" path="" />
		<data type="9" row="2" col="9" cloud="0" path="" />
		<data type="19" row="2" col="7" cloud="0" path="" />
		<data type="19" row="10" col="7" cloud="0" path="" />
		<data type="19" row="11" col="3" cloud="0" path="" />
		<data type="19" row="0" col="7" cloud="0" path="" />
		<data type="19" row="22" col="4" cloud="0" path="" />
		<data type="19" row="12" col="6" cloud="0" path="" />
		<data type="19" row="28" col="8" cloud="0" path="" />
		<data type="19" row="24" col="8" cloud="0" path="" />
		<data type="19" row="3" col="4" cloud="0" path="" />
		<data type="19" row="1" col="7" cloud="0" path="" />
		<data type="19" row="27" col="7" cloud="0" path="" />
		<data type="19" row="23" col="6" cloud="0" path="" />
		<data type="19" row="11" col="8" cloud="0" path="" />
		<data type="19" row="3" col="7" cloud="0" path="" />
		<data type="19" row="19" col="4" cloud="0" path="" />
		<data type="19" row="12" col="4" cloud="0" path="" />
		<data type="9" row="6" col="10" cloud="0" path="" />
		<data type="19" row="1" col="3" cloud="0" path="" />
		<data type="19" row="22" col="8" cloud="0" path="" />
		<data type="19" row="21" col="7" cloud="0" path="" />
		<data type="19" row="26" col="5" cloud="0" path="" />
		<data type="19" row="27" col="5" cloud="0" path="" />
		<data type="19" row="3" col="8" cloud="0" path="" />
		<data type="19" row="5" col="4" cloud="0" path="" />
		<data type="19" row="23" col="7" cloud="0" path="" />
		<data type="19" row="24" col="7" cloud="0" path="" />
		<data type="19" row="25" col="0" cloud="0" path="" />
		<data type="19" row="10" col="5" cloud="0" path="" />
		<data type="19" row="21" col="0" cloud="0" path="" />
		<data type="19" row="21" col="8" cloud="0" path="" />
		<data type="19" row="18" col="5" cloud="0" path="" />
		<data type="9" row="3" col="9" cloud="0" path="" />
		<data type="19" row="22" col="0" cloud="0" path="" />
		<data type="9" row="23" col="9" cloud="0" path="" />
		<data type="19" row="16" col="2" cloud="0" path="" />
		<data type="19" row="18" col="6" cloud="0" path="" />
		<data type="9" row="19" col="9" cloud="0" path="" />
		<data type="19" row="20" col="4" cloud="0" path="" />
		<data type="9" row="13" col="9" cloud="0" path="" />
		<data type="19" row="1" col="6" cloud="0" path="" />
		<data type="19" row="2" col="8" cloud="0" path="" />
		<data type="19" row="7" col="3" cloud="0" path="" />
		<data type="19" row="4" col="6" cloud="0" path="" />
		<data type="19" row="19" col="3" cloud="0" path="" />
		<data type="19" row="24" col="5" cloud="0" path="" />
		<data type="19" row="21" col="6" cloud="0" path="" />
		<data type="19" row="0" col="6" cloud="0" path="" />
		<data type="19" row="11" col="4" cloud="0" path="" />
		<data type="19" row="5" col="6" cloud="0" path="" />
		<data type="19" row="21" col="4" cloud="0" path="" />
		<data type="19" row="13" col="8" cloud="0" path="" />
		<data type="19" row="2" col="6" cloud="0" path="" />
		<data type="7" row="24" col="9" cloud="0" path="" />
		<data type="19" row="27" col="8" cloud="0" path="" />
		<data type="19" row="6" col="8" cloud="0" path="" />
		<data type="19" row="5" col="3" cloud="0" path="" />
		<data type="19" row="12" col="5" cloud="0" path="" />
		<data type="19" row="25" col="6" cloud="0" path="" />
		<data type="7" row="8" col="9" cloud="0" path="" />
		<data type="19" row="6" col="7" cloud="0" path="" />
		<data type="19" row="25" col="3" cloud="0" path="" />
		<data type="19" row="27" col="3" cloud="0" path="" />
		<data type="19" row="6" col="4" cloud="0" path="" />
		<data type="19" row="17" col="5" cloud="0" path="" />
		<data type="9" row="17" col="9" cloud="0" path="" />
		<data type="19" row="25" col="8" cloud="0" path="" />
		<data type="19" row="14" col="6" cloud="0" path="" />
		<data type="19" row="15" col="0" cloud="0" path="" />
		<data type="19" row="16" col="4" cloud="0" path="" />
		<data type="19" row="16" col="8" cloud="0" path="" />
		<data type="19" row="0" col="5" cloud="0" path="" />
		<data type="19" row="28" col="3" cloud="0" path="" />
		<data type="19" row="2" col="4" cloud="0" path="" />
		<data type="19" row="19" col="5" cloud="0" path="" />
		<data type="19" row="20" col="8" cloud="0" path="" />
		<data type="9" row="8" col="10" cloud="0" path="" />
		<data type="19" row="20" col="7" cloud="0" path="" />
		<data type="9" row="18" col="10" cloud="0" path="" />
		<data type="19" row="27" col="4" cloud="0" path="" />
		<data type="19" row="9" col="3" cloud="0" path="" />
		<data type="9" row="28" col="10" cloud="0" path="" />
		<data type="19" row="28" col="5" cloud="0" path="" />
		<data type="19" row="11" col="0" cloud="0" path="" />
		<data type="7" row="12" col="9" cloud="0" path="" />
		<data type="19" row="9" col="6" cloud="0" path="" />
		<data type="19" row="28" col="4" cloud="0" path="" />
		<data type="19" row="8" col="6" cloud="0" path="" />
		<data type="19" row="16" col="5" cloud="0" path="" />
		<data type="19" row="23" col="4" cloud="0" path="" />
		<data type="19" row="28" col="1" cloud="0" path="" />
		<data type="9" row="22" col="10" cloud="0" path="" />
		<data type="19" row="15" col="6" cloud="0" path="" />
	</bubbles>
	<info bubbleNum="47" type="2" start1="25000" start2="175000" start3="250000" colors="1111000" />
</include>